id,category
0,7
1,11
2,16
3,2
4,19
5,3
6,12
7,10
8,13
9,12
10,18
11,2
12,7
13,6
14,4
15,7
16,1
17,6
18,18
19,8
20,10
21,15
22,2
23,13
24,1
25,16
26,16
27,6
28,6
29,7
30,16
31,6
32,10
33,4
34,6
35,12
36,13
37,16
38,16
39,11
40,5
41,19
42,13
43,17
44,18
45,19
46,11
47,2
48,9
49,1
50,10
51,1
52,15
53,19
54,19
55,5
56,18
57,19
58,3
59,19
60,1
61,3
62,16
63,10
64,6
65,16
66,9
67,15
68,13
69,8
70,13
71,13
72,18
73,1
74,17
75,15
76,1
77,11
78,2
79,0
80,11
81,7
82,8
83,11
84,13
85,18
86,7
87,4
88,16
89,2
90,11
91,3
92,17
93,6
94,10
95,10
96,8
97,13
98,0
99,16
100,1
101,7
102,1
103,0
104,15
105,18
106,9
107,14
108,0
109,11
110,8
111,10
112,4
113,5
114,13
115,18
116,5
117,9
118,17
119,14
120,18
121,19
122,0
123,10
124,17
125,0
126,15
127,8
128,9
129,11
130,4
131,2
132,17
133,18
134,1
135,7
136,6
137,10
138,16
139,7
140,8
141,1
142,9
143,2
144,3
145,16
146,6
147,18
148,15
149,14
150,8
151,15
152,11
153,3
154,13
155,15
156,14
157,19
158,19
159,0
160,1
161,18
162,18
163,14
164,0
165,14
166,3
167,13
168,18
169,10
170,2
171,19
172,7
173,1
174,14
175,4
176,14
177,19
178,18
179,15
180,2
181,18
182,7
183,18
184,16
185,16
186,10
187,5
188,19
189,11
190,11
191,19
192,7
193,0
194,9
195,0
196,18
197,17
198,10
199,4
200,17
201,14
202,17
203,1
204,3
205,8
206,13
207,5
208,19
209,4
210,0
211,13
212,12
213,13
214,2
215,17
216,1
217,15
218,1
219,2
220,17
221,6
222,3
223,17
224,14
225,19
226,10
227,2
228,12
229,12
230,1
231,11
232,19
233,7
234,1
235,17
236,19
237,0
238,12
239,19
240,17
241,16
242,9
243,13
244,7
245,9
246,5
247,1
248,3
249,0
250,15
251,12
252,11
253,15
254,4
255,8
256,8
257,4
258,11
259,9
260,7
261,1
262,5
263,15
264,10
265,3
266,15
267,4
268,17
269,2
270,12
271,18
272,13
273,19
274,8
275,16
276,3
277,13
278,19
279,9
280,4
281,2
282,10
283,12
284,4
285,1
286,11
287,1
288,1
289,13
290,6
291,15
292,16
293,17
294,13
295,5
296,19
297,16
298,8
299,5
300,8
301,3
302,3
303,17
304,0
305,10
306,17
307,0
308,10
309,16
310,14
311,11
312,14
313,12
314,18
315,12
316,14
317,3
318,17
319,10
320,2
321,1
322,0
323,15
324,6
325,2
326,0
327,10
328,7
329,18
330,11
331,10
332,1
333,15
334,6
335,9
336,15
337,6
338,9
339,16
340,16
341,14
342,1
343,18
344,11
345,6
346,13
347,6
348,15
349,8
350,4
351,5
352,16
353,11
354,14
355,14
356,8
357,3
358,1
359,7
360,16
361,15
362,18
363,7
364,5
365,15
366,10
367,7
368,6
369,2
370,18
371,15
372,14
373,15
374,6
375,13
376,0
377,19
378,6
379,13
380,3
381,5
382,9
383,1
384,13
385,7
386,2
387,6
388,19
389,19
390,17
391,19
392,15
393,7
394,17
395,11
396,2
397,8
398,14
399,9
400,14
401,16
402,4
403,11
404,0
405,4
406,17
407,15
408,2
409,18
410,3
411,1
412,2
413,18
414,2
415,17
416,6
417,13
418,8
419,13
420,16
421,16
422,18
423,6
424,10
425,12
426,2
427,1
428,8
429,2
430,14
431,9
432,2
433,12
434,12
435,12
436,5
437,1
438,17
439,16
440,3
441,7
442,8
443,18
444,8
445,10
446,0
447,7
448,15
449,11
450,6
451,1
452,8
453,18
454,2
455,16
456,5
457,17
458,18
459,17
460,8
461,18
462,18
463,12
464,2
465,15
466,2
467,8
468,5
469,11
470,4
471,7
472,19
473,14
474,8
475,19
476,2
477,7
478,15
479,13
480,14
481,9
482,6
483,1
484,4
485,0
486,7
487,7
488,19
489,2
490,2
491,12
492,11
493,19
494,16
495,16
496,6
497,19
498,10
499,17
500,9
501,12
502,15
503,18
504,12
505,15
506,5
507,2
508,12
509,11
510,18
511,10
512,0
513,17
514,10
515,7
516,3
517,13
518,2
519,12
520,19
521,15
522,18
523,10
524,8
525,17
526,1
527,11
528,9
529,6
530,3
531,12
532,17
533,7
534,4
535,19
536,7
537,10
538,4
539,10
540,11
541,1
542,10
543,8
544,16
545,0
546,18
547,12
548,15
549,18
550,18
551,19
552,13
553,13
554,15
555,19
556,2
557,4
558,17
559,7
560,1
561,2
562,13
563,6
564,18
565,1
566,12
567,11
568,11
569,7
570,13
571,11
572,6
573,1
574,17
575,3
576,4
577,13
578,6
579,3
580,12
581,18
582,15
583,18
584,19
585,6
586,12
587,14
588,1
589,19
590,0
591,14
592,18
593,6
594,6
595,15
596,14
597,5
598,0
599,2
600,7
601,1
602,14
603,9
604,2
605,19
606,1
607,2
608,15
609,7
610,17
611,7
612,2
613,16
614,5
615,19
616,12
617,15
618,13
619,8
620,2
621,14
622,17
623,6
624,14
625,6
626,0
627,5
628,11
629,4
630,2
631,18
632,1
633,3
634,13
635,12
636,19
637,18
638,4
639,16
640,9
641,14
642,11
643,2
644,2
645,11
646,18
647,3
648,8
649,5
650,18
651,4
652,17
653,4
654,12
655,17
656,10
657,0
658,12
659,9
660,1
661,5
662,4
663,3
664,13
665,5
666,9
667,1
668,8
669,11
670,13
671,7
672,14
673,19
674,17
675,17
676,5
677,10
678,18
679,11
680,17
681,14
682,1
683,9
684,12
685,14
686,5
687,0
688,10
689,15
690,17
691,13
692,0
693,8
694,15
695,0
696,16
697,11
698,8
699,14
700,2
701,4
702,1
703,4
704,0
705,1
706,14
707,11
708,3
709,19
710,19
711,12
712,3
713,18
714,19
715,17
716,14
717,17
718,2
719,8
720,3
721,4
722,15
723,10
724,6
725,9
726,3
727,15
728,4
729,16
730,1
731,11
732,14
733,4
734,7
735,8
736,13
737,13
738,7
739,3
740,15
741,18
742,8
743,12
744,6
745,15
746,14
747,0
748,0
749,0
750,19
751,11
752,1
753,8
754,18
755,16
756,2
757,17
758,10
759,15
760,13
761,19
762,9
763,16
764,9
765,5
766,11
767,3
768,18
769,9
770,12
771,8
772,11
773,2
774,13
775,17
776,6
777,4
778,11
779,17
780,0
781,10
782,1
783,18
784,4
785,15
786,16
787,9
788,11
789,6
790,16
791,3
792,9
793,17
794,10
795,19
796,19
797,8
798,18
799,8
800,18
801,7
802,16
803,10
804,14
805,5
806,3
807,4
808,17
809,16
810,17
811,10
812,0
813,15
814,11
815,12
816,11
817,6
818,15
819,1
820,12
821,12
822,13
823,19
824,11
825,14
826,4
827,17
828,1
829,12
830,9
831,9
832,3
833,2
834,11
835,9
836,5
837,13
838,10
839,18
840,16
841,2
842,18
843,15
844,5
845,18
846,7
847,3
848,0
849,4
850,3
851,11
852,13
853,18
854,14
855,17
856,13
857,11
858,18
859,5
860,15
861,12
862,19
863,6
864,8
865,3
866,13
867,18
868,17
869,5
870,9
871,3
872,7
873,7
874,9
875,13
876,17
877,14
878,17
879,4
880,1
881,11
882,17
883,5
884,5
885,7
886,8
887,17
888,6
889,11
890,3
891,18
892,1
893,6
894,11
895,17
896,18
897,0
898,6
899,3
900,12
901,2
902,3
903,15
904,14
905,1
906,7
907,2
908,7
909,7
910,14
911,4
912,15
913,14
914,2
915,6
916,9
917,1
918,2
919,10
920,10
921,6
922,9
923,18
924,4
925,17
926,14
927,9
928,11
929,4
930,2
931,19
932,11
933,8
934,13
935,8
936,11
937,4
938,8
939,3
940,11
941,7
942,1
943,7
944,11
945,4
946,12
947,11
948,15
949,19
950,10
951,3
952,19
953,0
954,1
955,5
956,12
957,7
958,10
959,19
960,13
961,8
962,19
963,8
964,13
965,17
966,4
967,13
968,8
969,19
970,18
971,5
972,12
973,17
974,7
975,9
976,19
977,18
978,17
979,18
980,6
981,4
982,4
983,1
984,12
985,12
986,17
987,7
988,12
989,4
990,8
991,10
992,19
993,1
994,12
995,2
996,0
997,10
998,8
999,7
1000,15
1001,8
1002,1
1003,4
1004,12
1005,9
1006,7
1007,5
1008,17
1009,18
1010,0
1011,9
1012,10
1013,11
1014,6
1015,10
1016,15
1017,16
1018,9
1019,13
1020,7
1021,7
1022,15
1023,17
1024,18
1025,14
1026,13
1027,17
1028,14
1029,5
1030,3
1031,19
1032,7
1033,4
1034,2
1035,16
1036,16
1037,8
1038,7
1039,16
1040,18
1041,17
1042,18
1043,15
1044,4
1045,19
1046,10
1047,14
1048,4
1049,1
1050,3
1051,19
1052,2
1053,1
1054,16
1055,8
1056,0
1057,11
1058,9
1059,6
1060,14
1061,19
1062,11
1063,14
1064,10
1065,1
1066,19
1067,18
1068,2
1069,7
1070,7
1071,9
1072,15
1073,9
1074,3
1075,17
1076,16
1077,13
1078,13
1079,15
1080,13
1081,6
1082,7
1083,8
1084,16
1085,12
1086,9
1087,15
1088,6
1089,15
1090,13
1091,9
1092,2
1093,1
1094,15
1095,18
1096,12
1097,0
1098,14
1099,2
1100,6
1101,6
1102,13
1103,7
1104,15
1105,0
1106,3
1107,3
1108,13
1109,6
1110,10
1111,14
1112,8
1113,7
1114,8
1115,2
1116,12
1117,9
1118,14
1119,6
1120,16
1121,18
1122,18
1123,16
1124,7
1125,14
1126,9
1127,19
1128,18
1129,18
1130,12
1131,4
1132,14
1133,14
1134,4
1135,0
1136,12
1137,6
1138,1
1139,0
1140,0
1141,5
1142,3
1143,11
1144,14
1145,19
1146,7
1147,8
1148,8
1149,13
1150,7
1151,9
1152,19
1153,1
1154,1
1155,19
1156,0
1157,13
1158,11
1159,14
1160,19
1161,15
1162,6
1163,3
1164,2
1165,4
1166,17
1167,6
1168,3
1169,5
1170,15
1171,5
1172,10
1173,19
1174,1
1175,1
1176,9
1177,17
1178,16
1179,17
1180,16
1181,13
1182,16
1183,12
1184,10
1185,16
1186,0
1187,4
1188,18
1189,7
1190,4
1191,10
1192,19
1193,11
1194,2
1195,11
1196,13
1197,12
1198,6
1199,6
1200,12
1201,16
1202,10
1203,8
1204,6
1205,2
1206,11
1207,4
1208,19
1209,6
1210,12
1211,10
1212,3
1213,8
1214,4
1215,3
1216,14
1217,9
1218,3
1219,17
1220,9
1221,1
1222,13
1223,10
1224,18
1225,7
1226,17
1227,15
1228,7
1229,4
1230,15
1231,6
1232,12
1233,10
1234,11
1235,1
1236,17
1237,19
1238,10
1239,6
1240,5
1241,0
1242,1
1243,3
1244,16
1245,5
1246,6
1247,17
1248,6
1249,2
1250,6
1251,13
1252,3
1253,3
1254,2
1255,7
1256,12
1257,3
1258,15
1259,1
1260,6
1261,11
1262,13
1263,4
1264,4
1265,2
1266,8
1267,14
1268,0
1269,13
1270,0
1271,5
1272,8
1273,1
1274,7
1275,10
1276,5
1277,19
1278,7
1279,11
1280,14
1281,13
1282,19
1283,0
1284,19
1285,2
1286,2
1287,3
1288,15
1289,18
1290,6
1291,12
1292,7
1293,13
1294,1
1295,6
1296,14
1297,1
1298,4
1299,16
1300,0
1301,3
1302,18
1303,7
1304,1
1305,13
1306,16
1307,13
1308,10
1309,10
1310,10
1311,3
1312,3
1313,9
1314,15
1315,5
1316,1
1317,7
1318,11
1319,8
1320,17
1321,13
1322,11
1323,7
1324,17
1325,13
1326,19
1327,19
1328,4
1329,14
1330,1
1331,1
1332,0
1333,7
1334,7
1335,8
1336,10
1337,5
1338,15
1339,0
1340,1
1341,12
1342,4
1343,18
1344,16
1345,2
1346,13
1347,10
1348,6
1349,1
1350,9
1351,19
1352,19
1353,15
1354,18
1355,13
1356,14
1357,0
1358,8
1359,3
1360,9
1361,6
1362,13
1363,13
1364,2
1365,18
1366,3
1367,17
1368,7
1369,15
1370,17
1371,13
1372,3
1373,11
1374,0
1375,13
1376,5
1377,16
1378,17
1379,15
1380,9
1381,19
1382,16
1383,8
1384,19
1385,8
1386,14
1387,10
1388,9
1389,9
1390,11
1391,4
1392,13
1393,7
1394,17
1395,9
1396,12
1397,15
1398,3
1399,1
1400,3
1401,11
1402,6
1403,13
1404,9
1405,7
1406,14
1407,8
1408,10
1409,12
1410,4
1411,13
1412,1
1413,13
1414,6
1415,9
1416,7
1417,5
1418,19
1419,6
1420,6
1421,7
1422,10
1423,12
1424,2
1425,7
1426,17
1427,3
1428,19
1429,8
1430,14
1431,15
1432,9
1433,4
1434,0
1435,6
1436,3
1437,1
1438,0
1439,7
1440,10
1441,3
1442,5
1443,19
1444,9
1445,5
1446,8
1447,2
1448,0
1449,15
1450,13
1451,3
1452,0
1453,16
1454,13
1455,7
1456,2
1457,15
1458,16
1459,19
1460,0
1461,13
1462,16
1463,8
1464,11
1465,8
1466,19
1467,6
1468,1
1469,3
1470,1
1471,10
1472,4
1473,17
1474,12
1475,1
1476,13
1477,7
1478,5
1479,7
1480,8
1481,12
1482,13
1483,12
1484,8
1485,17
1486,9
1487,16
1488,16
1489,8
1490,16
1491,15
1492,9
1493,8
1494,11
1495,6
1496,17
1497,3
1498,1
1499,4
1500,12
1501,12
1502,7
1503,9
1504,18
1505,3
1506,2
1507,12
1508,15
1509,11
1510,16
1511,19
1512,15
1513,7
1514,11
1515,18
1516,2
1517,10
1518,6
1519,12
1520,19
1521,3
1522,19
1523,16
1524,0
1525,8
1526,12
1527,16
1528,14
1529,8
1530,15
1531,15
1532,9
1533,3
1534,16
1535,9
1536,6
1537,0
1538,0
1539,6
1540,6
1541,5
1542,12
1543,3
1544,6
1545,1
1546,14
1547,3
1548,16
1549,19
1550,12
1551,18
1552,16
1553,8
1554,9
1555,1
1556,7
1557,11
1558,2
1559,0
1560,8
1561,16
1562,13
1563,15
1564,19
1565,14
1566,16
1567,15
1568,7
1569,17
1570,7
1571,12
1572,8
1573,1
1574,5
1575,10
1576,16
1577,16
1578,16
1579,3
1580,2
1581,10
1582,13
1583,10
1584,2
1585,17
1586,4
1587,19
1588,5
1589,0
1590,5
1591,9
1592,17
1593,3
1594,0
1595,3
1596,7
1597,17
1598,16
1599,17
1600,5
1601,13
1602,0
1603,3
1604,7
1605,8
1606,2
1607,9
1608,4
1609,5
1610,15
1611,2
1612,12
1613,15
1614,19
1615,15
1616,8
1617,10
1618,4
1619,15
1620,15
1621,1
1622,8
1623,16
1624,15
1625,0
1626,5
1627,12
1628,15
1629,19
1630,0
1631,7
1632,10
1633,8
1634,13
1635,4
1636,17
1637,10
1638,4
1639,18
1640,8
1641,12
1642,6
1643,13
1644,10
1645,19
1646,11
1647,12
1648,18
1649,2
1650,16
1651,17
1652,14
1653,4
1654,8
1655,1
1656,8
1657,16
1658,6
1659,13
1660,12
1661,7
1662,18
1663,18
1664,7
1665,11
1666,8
1667,13
1668,0
1669,18
1670,3
1671,10
1672,16
1673,8
1674,15
1675,14
1676,14
1677,12
1678,3
1679,0
1680,14
1681,6
1682,3
1683,8
1684,6
1685,18
1686,7
1687,4
1688,11
1689,0
1690,6
1691,18
1692,1
1693,6
1694,5
1695,1
1696,1
1697,2
1698,6
1699,0
1700,2
1701,0
1702,15
1703,1
1704,10
1705,18
1706,17
1707,10
1708,9
1709,19
1710,3
1711,17
1712,7
1713,11
1714,12
1715,0
1716,12
1717,6
1718,4
1719,0
1720,3
1721,9
1722,5
1723,17
1724,5
1725,1
1726,16
1727,6
1728,13
1729,10
1730,17
1731,3
1732,10
1733,2
1734,13
1735,6
1736,5
1737,0
1738,1
1739,8
1740,4
1741,16
1742,13
1743,5
1744,18
1745,5
1746,9
1747,0
1748,10
1749,15
1750,14
1751,19
1752,15
1753,17
1754,4
1755,12
1756,9
1757,19
1758,7
1759,12
1760,4
1761,6
1762,7
1763,5
1764,4
1765,12
1766,14
1767,12
1768,18
1769,12
1770,9
1771,1
1772,8
1773,10
1774,1
1775,12
1776,10
1777,3
1778,17
1779,19
1780,18
1781,13
1782,17
1783,5
1784,1
1785,14
1786,6
1787,8
1788,4
1789,8
1790,0
1791,11
1792,6
1793,3
1794,19
1795,11
1796,15
1797,11
1798,0
1799,0
1800,11
1801,12
1802,0
1803,6
1804,1
1805,11
1806,15
1807,15
1808,5
1809,15
1810,10
1811,9
1812,16
1813,19
1814,9
1815,18
1816,18
1817,0
1818,7
1819,8
1820,9
1821,17
1822,11
1823,2
1824,6
1825,4
1826,14
1827,6
1828,9
1829,14
1830,0
1831,1
1832,7
1833,0
1834,16
1835,17
1836,5
1837,11
1838,2
1839,14
1840,18
1841,10
1842,11
1843,8
1844,2
1845,6
1846,2
1847,18
1848,17
1849,18
1850,1
1851,12
1852,9
1853,18
1854,8
1855,13
1856,13
1857,12
1858,11
1859,1
1860,13
1861,14
1862,9
1863,12
1864,0
1865,0
1866,5
1867,9
1868,12
1869,9
1870,6
1871,5
1872,8
1873,19
1874,3
1875,11
1876,17
1877,17
1878,4
1879,17
1880,15
1881,8
1882,5
1883,6
1884,9
1885,14
1886,16
1887,5
1888,1
1889,0
1890,12
1891,8
1892,11
1893,7
1894,9
1895,5
1896,6
1897,19
1898,19
1899,4
1900,10
1901,9
1902,4
1903,5
1904,2
1905,9
1906,7
1907,15
1908,17
1909,7
1910,10
1911,9
1912,7
1913,9
1914,7
1915,14
1916,15
1917,0
1918,15
1919,7
1920,9
1921,10
1922,19
1923,19
1924,6
1925,17
1926,2
1927,17
1928,11
1929,17
1930,5
1931,4
1932,12
1933,4
1934,19
1935,6
1936,11
1937,10
1938,9
1939,18
1940,14
1941,3
1942,7
1943,6
1944,7
1945,17
1946,13
1947,0
1948,19
1949,3
1950,6
1951,19
1952,10
1953,6
1954,5
1955,17
1956,12
1957,4
1958,11
1959,16
1960,10
1961,15
1962,7
1963,5
1964,19
1965,12
1966,3
1967,18
1968,9
1969,4
1970,3
1971,15
1972,17
1973,8
1974,14
1975,13
1976,9
1977,16
1978,8
1979,4
1980,17
1981,17
1982,8
1983,2
1984,11
1985,3
1986,3
1987,1
1988,6
1989,2
1990,17
1991,5
1992,10
1993,13
1994,16
1995,18
1996,3
1997,7
1998,14
1999,10
2000,8
2001,10
2002,12
2003,0
2004,14
2005,9
2006,3
2007,11
2008,10
2009,4
2010,12
2011,2
2012,7
2013,12
2014,2
2015,8
2016,6
2017,7
2018,3
2019,9
2020,4
2021,2
2022,4
2023,17
2024,7
2025,15
2026,14
2027,2
2028,8
2029,5
2030,19
2031,9
2032,2
2033,10
2034,0
2035,13
2036,16
2037,14
2038,14
2039,14
2040,2
2041,1
2042,18
2043,7
2044,2
2045,11
2046,2
2047,5
2048,10
2049,0
2050,10
2051,13
2052,3
2053,2
2054,10
2055,0
2056,7
2057,2
2058,3
2059,9
2060,7
2061,16
2062,4
2063,16
2064,4
2065,9
2066,5
2067,1
2068,7
2069,10
2070,4
2071,2
2072,3
2073,6
2074,9
2075,3
2076,14
2077,8
2078,11
2079,8
2080,8
2081,8
2082,0
2083,0
2084,10
2085,2
2086,7
2087,7
2088,14
2089,7
2090,19
2091,1
2092,5
2093,15
2094,1
2095,18
2096,7
2097,5
2098,14
2099,10
2100,4
2101,9
2102,18
2103,12
2104,3
2105,12
2106,4
2107,9
2108,16
2109,14
2110,8
2111,10
2112,1
2113,3
2114,5
2115,12
2116,1
2117,3
2118,9
2119,15
2120,3
2121,8
2122,15
2123,19
2124,14
2125,15
2126,0
2127,1
2128,6
2129,14
2130,8
2131,10
2132,16
2133,15
2134,1
2135,5
2136,2
2137,15
2138,10
2139,15
2140,6
2141,7
2142,11
2143,11
2144,7
2145,17
2146,7
2147,19
2148,17
2149,2
2150,2
2151,4
2152,16
2153,17
2154,15
2155,2
2156,12
2157,9
2158,0
2159,5
2160,2
2161,16
2162,15
2163,17
2164,18
2165,16
2166,5
2167,19
2168,10
2169,12
2170,6
2171,17
2172,19
2173,1
2174,18
2175,2
2176,10
2177,7
2178,13
2179,0
2180,7
2181,19
2182,14
2183,5
2184,19
2185,2
2186,9
2187,8
2188,4
2189,1
2190,0
2191,11
2192,13
2193,19
2194,2
2195,4
2196,16
2197,13
2198,13
2199,6
2200,2
2201,19
2202,3
2203,16
2204,1
2205,6
2206,9
2207,16
2208,11
2209,14
2210,8
2211,14
2212,9
2213,14
2214,17
2215,11
2216,6
2217,0
2218,2
2219,1
2220,8
2221,16
2222,18
2223,17
2224,2
2225,0
2226,3
2227,9
2228,12
2229,10
2230,4
2231,17
2232,2
2233,18
2234,15
2235,8
2236,19
2237,13
2238,3
2239,9
2240,10
2241,18
2242,5
2243,5
2244,5
2245,4
2246,15
2247,17
2248,16
2249,12
2250,17
2251,5
2252,19
2253,18
2254,3
2255,1
2256,5
2257,17
2258,18
2259,13
2260,4
2261,18
2262,9
2263,1
2264,6
2265,0
2266,3
2267,18
2268,15
2269,3
2270,13
2271,17
2272,13
2273,7
2274,14
2275,13
2276,4
2277,3
2278,14
2279,2
2280,10
2281,9
2282,6
2283,18
2284,2
2285,17
2286,11
2287,13
2288,13
2289,8
2290,7
2291,9
2292,0
2293,7
2294,9
2295,4
2296,17
2297,9
2298,18
2299,15
2300,2
2301,11
2302,6
2303,18
2304,0
2305,18
2306,19
2307,8
2308,9
2309,19
2310,14
2311,17
2312,17
2313,19
2314,16
2315,17
2316,4
2317,16
2318,2
2319,6
2320,7
2321,0
2322,12
2323,10
2324,10
2325,9
2326,3
2327,4
2328,7
2329,1
2330,18
2331,6
2332,1
2333,6
2334,16
2335,12
2336,8
2337,3
2338,3
2339,11
2340,18
2341,1
2342,19
2343,17
2344,16
2345,2
2346,11
2347,17
2348,14
2349,2
2350,6
2351,7
2352,7
2353,16
2354,10
2355,5
2356,14
2357,11
2358,3
2359,15
2360,8
2361,11
2362,13
2363,9
2364,2
2365,3
2366,17
2367,3
2368,19
2369,15
2370,19
2371,4
2372,15
2373,8
2374,10
2375,8
2376,16
2377,16
2378,7
2379,17
2380,8
2381,17
2382,3
2383,18
2384,17
2385,19
2386,8
2387,16
2388,0
2389,15
2390,3
2391,14
2392,1
2393,9
2394,18
2395,4
2396,2
2397,9
2398,13
2399,7
2400,17
2401,13
2402,2
2403,5
2404,19
2405,5
2406,14
2407,11
2408,9
2409,3
2410,19
2411,10
2412,4
2413,11
2414,18
2415,17
2416,4
2417,1
2418,4
2419,10
2420,5
2421,19
2422,12
2423,13
2424,10
2425,5
2426,18
2427,13
2428,3
2429,18
2430,11
2431,3
2432,12
2433,1
2434,3
2435,17
2436,5
2437,16
2438,18
2439,19
2440,15
2441,19
2442,9
2443,7
2444,10
2445,9
2446,3
2447,8
2448,7
2449,19
2450,16
2451,13
2452,12
2453,11
2454,4
2455,8
2456,8
2457,15
2458,16
2459,1
2460,5
2461,18
2462,1
2463,10
2464,12
2465,13
2466,10
2467,1
2468,16
2469,19
2470,1
2471,12
2472,2
2473,4
2474,7
2475,5
2476,0
2477,9
2478,13
2479,1
2480,9
2481,1
2482,4
2483,11
2484,9
2485,4
2486,1
2487,9
2488,6
2489,1
2490,7
2491,5
2492,9
2493,6
2494,12
2495,5
2496,11
2497,15
2498,8
2499,19
2500,12
2501,6
2502,3
2503,11
2504,16
2505,2
2506,5
2507,11
2508,0
2509,3
2510,14
2511,11
2512,9
2513,14
2514,10
2515,1
2516,4
2517,15
2518,3
2519,17
2520,13
2521,4
2522,7
2523,7
2524,3
2525,17
2526,13
2527,19
2528,13
2529,16
2530,14
2531,9
2532,1
2533,18
2534,13
2535,9
2536,12
2537,5
2538,6
2539,16
2540,18
2541,3
2542,8
2543,19
2544,12
2545,0
2546,1
2547,14
2548,2
2549,18
2550,0
2551,7
2552,6
2553,8
2554,8
2555,3
2556,4
2557,9
2558,15
2559,15
2560,10
2561,0
2562,9
2563,18
2564,5
2565,7
2566,3
2567,10
2568,12
2569,3
2570,3
2571,3
2572,14
2573,4
2574,8
2575,6
2576,19
2577,13
2578,8
2579,14
2580,8
2581,19
2582,13
2583,2
2584,13
2585,3
2586,18
2587,0
2588,5
2589,19
2590,5
2591,17
2592,14
2593,0
2594,2
2595,18
2596,8
2597,12
2598,4
2599,6
2600,2
2601,6
2602,1
2603,3
2604,15
2605,9
2606,19
2607,11
2608,6
2609,2
2610,3
2611,15
2612,4
2613,1
2614,19
2615,19
2616,6
2617,16
2618,2
2619,10
2620,6
2621,5
2622,17
2623,10
2624,10
2625,6
2626,1
2627,18
2628,18
2629,7
2630,19
2631,16
2632,13
2633,17
2634,19
2635,4
2636,5
2637,13
2638,1
2639,16
2640,18
2641,1
2642,19
2643,2
2644,18
2645,4
2646,7
2647,3
2648,17
2649,2
2650,9
2651,5
2652,2
2653,9
2654,10
2655,19
2656,18
2657,5
2658,10
2659,15
2660,6
2661,5
2662,9
2663,16
2664,0
2665,4
2666,11
2667,0
2668,17
2669,19
2670,7
2671,19
2672,2
2673,6
2674,0
2675,7
2676,19
2677,15
2678,12
2679,0
2680,15
2681,12
2682,4
2683,7
2684,7
2685,1
2686,14
2687,6
2688,12
2689,10
2690,4
2691,2
2692,10
2693,5
2694,3
2695,2
2696,16
2697,18
2698,1
2699,11
2700,16
2701,16
2702,6
2703,3
2704,7
2705,11
2706,11
2707,8
2708,19
2709,1
2710,16
2711,0
2712,3
2713,4
2714,4
2715,0
2716,6
2717,18
2718,4
2719,19
2720,14
2721,2
2722,5
2723,0
2724,4
2725,16
2726,16
2727,18
2728,15
2729,14
2730,14
2731,1
2732,8
2733,15
2734,3
2735,0
2736,18
2737,0
2738,10
2739,14
2740,2
2741,16
2742,9
2743,2
2744,18
2745,13
2746,9
2747,17
2748,7
2749,4
2750,10
2751,17
2752,19
2753,18
2754,18
2755,18
2756,19
2757,10
2758,16
2759,17
2760,17
2761,12
2762,16
2763,6
2764,15
2765,1
2766,18
2767,14
2768,4
2769,17
2770,2
2771,19
2772,12
2773,8
2774,1
2775,13
2776,11
2777,13
2778,6
2779,14
2780,5
2781,1
2782,12
2783,8
2784,8
2785,0
2786,19
2787,16
2788,18
2789,1
2790,11
2791,17
2792,9
2793,17
2794,10
2795,1
2796,4
2797,5
2798,3
2799,15
2800,18
2801,12
2802,11
2803,15
2804,2
2805,3
2806,0
2807,1
2808,19
2809,14
2810,5
2811,10
2812,15
2813,17
2814,1
2815,13
2816,12
2817,19
2818,17
2819,17
2820,10
2821,11
2822,0
2823,9
2824,8
2825,19
2826,8
2827,12
2828,1
2829,8
2830,19
2831,19
2832,8
2833,2
2834,3
2835,17
2836,0
2837,0
2838,14
2839,15
2840,0
2841,10
2842,0
2843,19
2844,11
2845,15
2846,1
2847,13
2848,16
2849,8
2850,11
2851,14
2852,16
2853,9
2854,15
2855,3
2856,5
2857,13
2858,2
2859,2
2860,9
2861,1
2862,14
2863,1
2864,6
2865,5
2866,17
2867,9
2868,8
2869,2
2870,0
2871,9
2872,0
2873,5
2874,4
2875,14
2876,1
2877,7
2878,9
2879,16
2880,0
2881,18
2882,12
2883,6
2884,11
2885,5
2886,18
2887,15
2888,3
2889,6
2890,1
2891,16
2892,5
2893,4
2894,7
2895,17
2896,13
2897,9
2898,12
2899,17
2900,19
2901,6
2902,6
2903,0
2904,13
2905,3
2906,12
2907,16
2908,1
2909,4
2910,7
2911,18
2912,14
2913,8
2914,13
2915,3
2916,1
2917,2
2918,14
2919,19
2920,4
2921,14
2922,18
2923,3
2924,19
2925,14
2926,2
2927,11
2928,10
2929,4
2930,7
2931,11
2932,11
2933,19
2934,8
2935,8
2936,17
2937,14
2938,18
2939,16
2940,4
2941,18
2942,9
2943,11
2944,3
2945,4
2946,15
2947,12
2948,15
2949,10
2950,8
2951,2
2952,2
2953,2
2954,14
2955,12
2956,0
2957,8
2958,17
2959,8
2960,1
2961,0
2962,9
2963,11
2964,10
2965,2
2966,13
2967,18
2968,4
2969,14
2970,13
2971,12
2972,16
2973,9
2974,11
2975,15
2976,15
2977,9
2978,5
2979,3
2980,7
2981,16
2982,7
2983,4
2984,9
2985,19
2986,11
2987,9
2988,13
2989,2
2990,1
2991,0
2992,4
2993,18
2994,16
2995,15
2996,5
2997,1
2998,7
2999,10
3000,13
3001,0
3002,5
3003,8
3004,0
3005,19
3006,12
3007,10
3008,17
3009,19
3010,9
3011,12
3012,6
3013,12
3014,16
3015,7
3016,19
3017,0
3018,13
3019,18
3020,9
3021,0
3022,3
3023,5
3024,15
3025,13
3026,1
3027,18
3028,8
3029,8
3030,3
3031,13
3032,14
3033,4
3034,12
3035,15
3036,10
3037,10
3038,11
3039,2
3040,4
3041,14
3042,17
3043,8
3044,6
3045,18
3046,6
3047,13
3048,8
3049,15
3050,1
3051,19
3052,2
3053,2
3054,16
3055,0
3056,12
3057,16
3058,3
3059,19
3060,7
3061,1
3062,3
3063,8
3064,19
3065,15
3066,15
3067,10
3068,18
3069,10
3070,12
3071,1
3072,13
3073,10
3074,7
3075,16
3076,12
3077,15
3078,8
3079,10
3080,9
3081,2
3082,2
3083,9
3084,6
3085,12
3086,19
3087,3
3088,19
3089,10
3090,11
3091,16
3092,1
3093,11
3094,1
3095,8
3096,15
3097,8
3098,13
3099,14
3100,15
3101,3
3102,3
3103,1
3104,8
3105,3
3106,18
3107,4
3108,10
3109,8
3110,15
3111,14
3112,5
3113,4
3114,12
3115,13
3116,12
3117,15
3118,2
3119,3
3120,7
3121,17
3122,4
3123,12
3124,19
3125,5
3126,7
3127,13
3128,13
3129,3
3130,3
3131,5
3132,14
3133,2
3134,6
3135,16
3136,5
3137,11
3138,9
3139,10
3140,16
3141,3
3142,19
3143,11
3144,12
3145,4
3146,9
3147,5
3148,8
3149,3
3150,14
3151,0
3152,12
3153,19
3154,1
3155,16
3156,9
3157,10
3158,12
3159,1
3160,17
3161,1
3162,10
3163,18
3164,7
3165,6
3166,12
3167,17
3168,5
3169,12
3170,17
3171,11
3172,18
3173,4
3174,12
3175,0
3176,2
3177,16
3178,9
3179,4
3180,8
3181,7
3182,19
3183,9
3184,9
3185,1
3186,19
3187,15
3188,17
3189,19
3190,3
3191,12
3192,4
3193,6
3194,17
3195,10
3196,3
3197,13
3198,17
3199,4
3200,1
3201,3
3202,12
3203,15
3204,17
3205,12
3206,3
3207,6
3208,14
3209,16
3210,6
3211,6
3212,2
3213,0
3214,10
3215,2
3216,12
3217,9
3218,10
3219,4
3220,11
3221,14
3222,9
3223,8
3224,1
3225,5
3226,1
3227,3
3228,3
3229,10
3230,14
3231,11
3232,11
3233,14
3234,18
3235,4
3236,10
3237,17
3238,7
3239,9
3240,9
3241,14
3242,0
3243,4
3244,2
3245,11
3246,4
3247,6
3248,9
3249,7
3250,8
3251,13
3252,10
3253,8
3254,0
3255,3
3256,13
3257,0
3258,13
3259,2
3260,14
3261,10
3262,18
3263,19
3264,3
3265,17
3266,19
3267,19
3268,19
3269,5
3270,17
3271,7
3272,5
3273,8
3274,17
3275,16
3276,12
3277,1
3278,6
3279,16
3280,3
3281,12
3282,13
3283,18
3284,13
3285,2
3286,1
3287,5
3288,11
3289,7
3290,14
3291,19
3292,15
3293,3
3294,11
3295,3
3296,15
3297,17
3298,18
3299,1
3300,5
3301,10
3302,16
3303,9
3304,16
3305,13
3306,17
3307,2
3308,3
3309,7
3310,16
3311,18
3312,2
3313,5
3314,19
3315,16
3316,1
3317,6
3318,1
3319,8
3320,4
3321,19
3322,18
3323,3
3324,1
3325,10
3326,13
3327,9
3328,17
3329,17
3330,1
3331,0
3332,3
3333,7
3334,6
3335,17
3336,4
3337,11
3338,3
3339,6
3340,19
3341,13
3342,4
3343,17
3344,8
3345,14
3346,7
3347,5
3348,2
3349,16
3350,4
3351,0
3352,18
3353,11
3354,11
3355,10
3356,2
3357,7
3358,19
3359,4
3360,15
3361,0
3362,17
3363,3
3364,9
3365,18
3366,9
3367,15
3368,8
3369,14
3370,16
3371,19
3372,10
3373,10
3374,11
3375,2
3376,13
3377,10
3378,17
3379,1
3380,15
3381,7
3382,19
3383,11
3384,14
3385,10
3386,13
3387,17
3388,11
3389,15
3390,1
3391,11
3392,8
3393,6
3394,0
3395,6
3396,7
3397,2
3398,6
3399,14
3400,0
3401,15
3402,1
3403,4
3404,14
3405,5
3406,14
3407,13
3408,7
3409,8
3410,4
3411,3
3412,5
3413,17
3414,10
3415,16
3416,19
3417,18
3418,4
3419,7
3420,15
3421,11
3422,10
3423,6
3424,7
3425,1
3426,19
3427,10
3428,17
3429,12
3430,16
3431,14
3432,4
3433,2
3434,0
3435,15
3436,19
3437,0
3438,12
3439,0
3440,1
3441,5
3442,12
3443,12
3444,5
3445,6
3446,11
3447,5
3448,5
3449,11
3450,7
3451,3
3452,14
3453,19
3454,4
3455,19
3456,19
3457,9
3458,4
3459,3
3460,12
3461,18
3462,14
3463,12
3464,17
3465,2
3466,10
3467,6
3468,0
3469,16
3470,5
3471,4
3472,11
3473,11
3474,17
3475,10
3476,18
3477,11
3478,8
3479,11
3480,6
3481,11
3482,15
3483,0
3484,1
3485,16
3486,12
3487,3
3488,18
3489,4
3490,13
3491,17
3492,2
3493,3
3494,10
3495,18
3496,18
3497,16
3498,11
3499,0
3500,11
3501,19
3502,16
3503,0
3504,14
3505,4
3506,18
3507,16
3508,5
3509,17
3510,16
3511,9
3512,14
3513,4
3514,5
3515,8
3516,1
3517,9
3518,9
3519,14
3520,11
3521,5
3522,9
3523,11
3524,13
3525,0
3526,2
3527,1
3528,7
3529,0
3530,13
3531,9
3532,14
3533,12
3534,16
3535,16
3536,19
3537,4
3538,13
3539,5
3540,12
3541,5
3542,18
3543,14
3544,8
3545,14
3546,14
3547,19
3548,6
3549,6
3550,9
3551,12
3552,15
3553,4
3554,1
3555,9
3556,10
3557,5
3558,19
3559,13
3560,7
3561,16
3562,8
3563,2
3564,9
3565,5
3566,12
3567,14
3568,16
3569,10
3570,11
3571,17
3572,3
3573,10
3574,1
3575,15
3576,16
3577,18
3578,8
3579,8
3580,18
3581,2
3582,4
3583,18
3584,17
3585,5
3586,1
3587,10
3588,2
3589,0
3590,7
3591,1
3592,13
3593,2
3594,8
3595,11
3596,11
3597,19
3598,1
3599,11
3600,10
3601,12
3602,18
3603,8
3604,9
3605,0
3606,18
3607,8
3608,5
3609,14
3610,15
3611,8
3612,3
3613,4
3614,8
3615,1
3616,7
3617,15
3618,4
3619,3
3620,8
3621,4
3622,19
3623,8
3624,3
3625,2
3626,14
3627,6
3628,8
3629,16
3630,0
3631,6
3632,12
3633,5
3634,13
3635,14
3636,8
3637,17
3638,1
3639,3
3640,17
3641,7
3642,18
3643,2
3644,5
3645,8
3646,3
3647,3
3648,18
3649,7
3650,4
3651,10
3652,9
3653,0
3654,2
3655,2
3656,9
3657,4
3658,7
3659,5
3660,5
3661,12
3662,13
3663,3
3664,6
3665,6
3666,3
3667,14
3668,15
3669,7
3670,6
3671,8
3672,15
3673,11
3674,0
3675,11
3676,11
3677,12
3678,1
3679,1
3680,18
3681,4
3682,1
3683,11
3684,18
3685,2
3686,0
3687,13
3688,10
3689,4
3690,2
3691,16
3692,8
3693,16
3694,15
3695,4
3696,11
3697,12
3698,5
3699,6
3700,13
3701,14
3702,1
3703,2
3704,9
3705,6
3706,17
3707,17
3708,1
3709,2
3710,1
3711,15
3712,6
3713,15
3714,12
3715,16
3716,15
3717,4
3718,18
3719,9
3720,10
3721,0
3722,14
3723,0
3724,16
3725,19
3726,2
3727,10
3728,12
3729,1
3730,11
3731,8
3732,1
3733,14
3734,14
3735,4
3736,19
3737,0
3738,10
3739,12
3740,19
3741,14
3742,0
3743,12
3744,7
3745,17
3746,4
3747,13
3748,14
3749,10
3750,7
3751,0
3752,5
3753,15
3754,7
3755,13
3756,3
3757,11
3758,11
3759,5
3760,5
3761,10
3762,11
3763,12
3764,2
3765,6
3766,4
3767,9
3768,11
3769,4
3770,7
3771,6
3772,17
3773,4
3774,9
3775,6
3776,11
3777,16
3778,11
3779,2
3780,15
3781,11
3782,10
3783,14
3784,10
3785,5
3786,12
3787,7
3788,1
3789,6
3790,14
3791,17
3792,6
3793,18
3794,16
3795,13
3796,16
3797,4
3798,7
3799,17
3800,11
3801,1
3802,1
3803,7
3804,19
3805,6
3806,3
3807,2
3808,7
3809,6
3810,19
3811,19
3812,14
3813,13
3814,0
3815,2
3816,19
3817,8
3818,0
3819,10
3820,0
3821,2
3822,7
3823,3
3824,2
3825,5
3826,2
3827,3
3828,17
3829,7
3830,17
3831,7
3832,8
3833,8
3834,9
3835,4
3836,8
3837,14
3838,3
3839,11
3840,15
3841,17
3842,19
3843,0
3844,14
3845,19
3846,18
3847,11
3848,0
3849,11
3850,13
3851,8
3852,4
3853,18
3854,10
3855,4
3856,16
3857,17
3858,16
3859,2
3860,5
3861,5
3862,6
3863,3
3864,8
3865,1
3866,2
3867,8
3868,9
3869,14
3870,11
3871,4
3872,3
3873,15
3874,7
3875,1
3876,8
3877,8
3878,3
3879,5
3880,12
3881,3
3882,8
3883,3
3884,6
3885,10
3886,12
3887,11
3888,4
3889,18
3890,0
3891,4
3892,9
3893,19
3894,12
3895,8
3896,13
3897,11
3898,7
3899,1
3900,1
3901,0
3902,6
3903,4
3904,6
3905,1
3906,17
3907,11
3908,16
3909,4
3910,4
3911,11
3912,6
3913,11
3914,8
3915,7
3916,1
3917,17
3918,16
3919,11
3920,7
3921,3
3922,8
3923,7
3924,16
3925,6
3926,11
3927,16
3928,11
3929,4
3930,17
3931,3
3932,19
3933,2
3934,13
3935,11
3936,6
3937,13
3938,12
3939,13
3940,18
3941,4
3942,15
3943,15
3944,9
3945,1
3946,12
3947,17
3948,11
3949,18
3950,1
3951,16
3952,15
3953,0
3954,12
3955,0
3956,7
3957,16
3958,4
3959,0
3960,2
3961,16
3962,3
3963,9
3964,5
3965,13
3966,0
3967,17
3968,6
3969,17
3970,11
3971,10
3972,11
3973,5
3974,1
3975,7
3976,19
3977,17
3978,1
3979,9
3980,9
3981,0
3982,10
3983,4
3984,11
3985,14
3986,2
3987,7
3988,11
3989,7
3990,7
3991,6
3992,15
3993,1
3994,5
3995,13
3996,0
3997,11
3998,6
3999,4
4000,4
4001,4
4002,1
4003,4
4004,4
4005,11
4006,6
4007,2
4008,15
4009,7
4010,6
4011,5
4012,13
4013,15
4014,2
4015,19
4016,14
4017,19
4018,0
4019,7
4020,11
4021,19
4022,3
4023,12
4024,6
4025,16
4026,19
4027,13
4028,14
4029,0
4030,13
4031,12
4032,5
4033,13
4034,9
4035,6
4036,13
4037,9
4038,16
4039,2
4040,18
4041,4
4042,10
4043,19
4044,6
4045,8
4046,0
4047,13
4048,5
4049,12
4050,17
4051,13
4052,11
4053,16
4054,10
4055,13
4056,17
4057,10
4058,8
4059,12
4060,7
4061,0
4062,15
4063,4
4064,4
4065,14
4066,9
4067,15
4068,16
4069,9
4070,4
4071,2
4072,13
4073,9
4074,11
4075,0
4076,9
4077,11
4078,3
4079,2
4080,0
4081,6
4082,14
4083,18
4084,13
4085,8
4086,3
4087,19
4088,9
4089,2
4090,3
4091,12
4092,5
4093,1
4094,9
4095,6
4096,17
4097,16
4098,10
4099,4
4100,17
4101,0
4102,2
4103,11
4104,16
4105,5
4106,0
4107,13
4108,6
4109,14
4110,4
4111,15
4112,19
4113,3
4114,2
4115,16
4116,0
4117,8
4118,12
4119,17
4120,5
4121,9
4122,18
4123,9
4124,18
4125,13
4126,4
4127,8
4128,9
4129,4
4130,10
4131,3
4132,17
4133,17
4134,5
4135,4
4136,19
4137,7
4138,8
4139,18
4140,12
4141,19
4142,4
4143,6
4144,19
4145,8
4146,8
4147,9
4148,2
4149,10
4150,19
4151,17
4152,2
4153,15
4154,2
4155,14
4156,16
4157,13
4158,12
4159,3
4160,17
4161,10
4162,10
4163,0
4164,2
4165,10
4166,7
4167,7
4168,8
4169,7
4170,18
4171,12
4172,14
4173,7
4174,2
4175,2
4176,15
4177,6
4178,6
4179,13
4180,14
4181,15
4182,13
4183,5
4184,18
4185,3
4186,13
4187,10
4188,6
4189,0
4190,5
4191,9
4192,11
4193,10
4194,3
4195,15
4196,5
4197,16
4198,2
4199,12
4200,12
4201,1
4202,1
4203,10
4204,12
4205,6
4206,6
4207,1
4208,2
4209,14
4210,1
4211,10
4212,10
4213,5
4214,17
4215,0
4216,9
4217,1
4218,15
4219,17
4220,14
4221,5
4222,2
4223,8
4224,13
4225,16
4226,0
4227,0
4228,17
4229,13
4230,5
4231,5
4232,3
4233,10
4234,5
4235,10
4236,17
4237,17
4238,7
4239,13
4240,14
4241,1
4242,5
4243,4
4244,5
4245,9
4246,6
4247,7
4248,16
4249,17
4250,2
4251,4
4252,11
4253,15
4254,15
4255,19
4256,14
4257,9
4258,14
4259,0
4260,8
4261,6
4262,3
4263,14
4264,11
4265,19
4266,12
4267,9
4268,4
4269,15
4270,11
4271,17
4272,7
4273,19
4274,6
4275,6
4276,3
4277,10
4278,14
4279,11
4280,18
4281,1
4282,15
4283,9
4284,3
4285,16
4286,16
4287,15
4288,8
4289,19
4290,13
4291,2
4292,16
4293,4
4294,7
4295,19
4296,8
4297,2
4298,11
4299,14
4300,10
4301,8
4302,15
4303,15
4304,11
4305,18
4306,18
4307,14
4308,3
4309,7
4310,19
4311,5
4312,14
4313,12
4314,7
4315,7
4316,9
4317,2
4318,1
4319,13
4320,6
4321,18
4322,0
4323,19
4324,14
4325,9
4326,5
4327,14
4328,1
4329,6
4330,5
4331,9
4332,9
4333,14
4334,9
4335,17
4336,5
4337,5
4338,18
4339,8
4340,10
4341,18
4342,13
4343,8
4344,15
4345,18
4346,2
4347,13
4348,2
4349,19
4350,9
4351,4
4352,13
4353,3
4354,13
4355,9
4356,9
4357,14
4358,2
4359,17
4360,18
4361,3
4362,13
4363,17
4364,0
4365,10
4366,2
4367,17
4368,7
4369,9
4370,19
4371,5
4372,0
4373,4
4374,2
4375,10
4376,17
4377,14
4378,6
4379,15
4380,14
4381,5
4382,10
4383,13
4384,7
4385,19
4386,3
4387,12
4388,9
4389,12
4390,18
4391,9
4392,8
4393,18
4394,13
4395,4
4396,7
4397,16
4398,0
4399,13
4400,11
4401,2
4402,16
4403,17
4404,15
4405,8
4406,19
4407,1
4408,0
4409,2
4410,0
4411,5
4412,15
4413,9
4414,3
4415,15
4416,9
4417,0
4418,7
4419,5
4420,3
4421,16
4422,14
4423,17
4424,11
4425,11
4426,18
4427,15
4428,14
4429,12
4430,14
4431,17
4432,3
4433,15
4434,0
4435,1
4436,6
4437,9
4438,4
4439,3
4440,16
4441,8
4442,3
4443,4
4444,10
4445,16
4446,0
4447,15
4448,18
4449,4
4450,0
4451,14
4452,15
4453,2
4454,11
4455,3
4456,14
4457,11
4458,2
4459,15
4460,9
4461,7
4462,7
4463,17
4464,7
4465,11
4466,3
4467,2
4468,3
4469,13
4470,7
4471,17
4472,8
4473,1
4474,1
4475,11
4476,7
4477,7
4478,8
4479,0
4480,13
4481,5
4482,9
4483,5
4484,2
4485,13
4486,2
4487,16
4488,5
4489,4
4490,1
4491,16
4492,11
4493,5
4494,13
4495,17
4496,19
4497,0
4498,4
4499,16
4500,0
4501,12
4502,12
4503,8
4504,11
4505,3
4506,10
4507,11
4508,8
4509,12
4510,0
4511,10
4512,12
4513,13
4514,18
4515,19
4516,2
4517,5
4518,18
4519,15
4520,18
4521,12
4522,1
4523,4
4524,11
4525,16
4526,10
4527,6
4528,13
4529,10
4530,5
4531,5
4532,13
4533,5
4534,11
4535,16
4536,1
4537,15
4538,14
4539,6
4540,5
4541,13
4542,5
4543,5
4544,11
4545,13
4546,6
4547,17
4548,17
4549,3
4550,7
4551,10
4552,10
4553,2
4554,2
4555,13
4556,0
4557,9
4558,15
4559,5
4560,10
4561,5
4562,16
4563,13
4564,17
4565,4
4566,12
4567,17
4568,13
4569,10
4570,3
4571,14
4572,6
4573,14
4574,1
4575,13
4576,18
4577,14
4578,16
4579,0
4580,15
4581,18
4582,15
4583,0
4584,19
4585,6
4586,12
4587,6
4588,1
4589,8
4590,16
4591,9
4592,13
4593,10
4594,16
4595,18
4596,11
4597,11
4598,13
4599,3
4600,1
4601,4
4602,5
4603,9
4604,18
4605,19
4606,13
4607,15
4608,9
4609,6
4610,6
4611,4
4612,0
4613,1
4614,8
4615,6
4616,3
4617,19
4618,9
4619,1
4620,6
4621,5
4622,5
4623,5
4624,10
4625,17
4626,9
4627,19
4628,11
4629,8
4630,4
4631,16
4632,13
4633,9
4634,8
4635,14
4636,18
4637,8
4638,0
4639,0
4640,1
4641,19
4642,19
4643,18
4644,17
4645,18
4646,6
4647,12
4648,7
4649,9
4650,13
4651,15
4652,18
4653,0
4654,5
4655,6
4656,15
4657,16
4658,15
4659,2
4660,8
4661,16
4662,15
4663,4
4664,4
4665,11
4666,2
4667,11
4668,9
4669,12
4670,15
4671,5
4672,10
4673,7
4674,18
4675,13
4676,4
4677,9
4678,4
4679,9
4680,10
4681,5
4682,4
4683,16
4684,14
4685,17
4686,11
4687,18
4688,1
4689,9
4690,5
4691,7
4692,5
4693,1
4694,14
4695,1
4696,14
4697,19
4698,14
4699,5
4700,3
4701,18
4702,17
4703,13
4704,1
4705,9
4706,2
4707,15
4708,12
4709,19
4710,3
4711,13
4712,16
4713,11
4714,9
4715,2
4716,5
4717,14
4718,10
4719,12
4720,7
4721,10
4722,3
4723,11
4724,1
4725,10
4726,18
4727,4
4728,0
4729,18
4730,1
4731,18
4732,1
4733,3
4734,17
4735,5
4736,11
4737,14
4738,15
4739,6
4740,3
4741,7
4742,8
4743,16
4744,16
4745,15
4746,11
4747,15
4748,15
4749,8
4750,18
4751,15
4752,15
4753,6
4754,9
4755,5
4756,8
4757,5
4758,1
4759,13
4760,14
4761,15
4762,5
4763,17
4764,5
4765,5
4766,15
4767,17
4768,18
4769,5
4770,14
4771,18
4772,15
4773,0
4774,9
4775,0
4776,7
4777,0
4778,16
4779,14
4780,16
4781,10
4782,17
4783,0
4784,11
4785,5
4786,11
4787,1
4788,19
4789,7
4790,18
4791,3
4792,14
4793,14
4794,19
4795,13
4796,9
4797,9
4798,7
4799,2
4800,1
4801,13
4802,16
4803,9
4804,18
4805,6
4806,9
4807,16
4808,5
4809,11
4810,4
4811,4
4812,4
4813,17
4814,18
4815,12
4816,19
4817,12
4818,14
4819,17
4820,5
4821,7
4822,8
4823,16
4824,11
4825,1
4826,6
4827,8
4828,1
4829,13
4830,7
4831,17
4832,16
4833,0
4834,9
4835,7
4836,1
4837,18
4838,14
4839,7
4840,16
4841,1
4842,11
4843,13
4844,1
4845,1
4846,4
4847,8
4848,12
4849,7
4850,11
4851,17
4852,5
4853,4
4854,15
4855,4
4856,15
4857,19
4858,1
4859,14
4860,5
4861,15
4862,6
4863,0
4864,7
4865,4
4866,0
4867,7
4868,14
4869,13
4870,0
4871,3
4872,12
4873,2
4874,15
4875,11
4876,14
4877,15
4878,1
4879,11
4880,7
4881,6
4882,14
4883,7
4884,17
4885,9
4886,18
4887,5
4888,19
4889,14
4890,2
4891,12
4892,19
4893,10
4894,6
4895,16
4896,15
4897,14
4898,10
4899,0
4900,8
4901,7
4902,13
4903,18
4904,5
4905,9
4906,2
4907,1
4908,3
4909,5
4910,15
4911,3
4912,8
4913,7
4914,10
4915,8
4916,3
4917,17
4918,0
4919,14
4920,8
4921,17
4922,0
4923,11
4924,19
4925,14
4926,17
4927,16
4928,16
4929,13
4930,5
4931,18
4932,3
4933,13
4934,12
4935,15
4936,9
4937,15
4938,13
4939,2
4940,5
4941,8
4942,0
4943,7
4944,10
4945,19
4946,8
4947,1
4948,5
4949,19
4950,1
4951,14
4952,16
4953,2
4954,0
4955,13
4956,10
4957,10
4958,9
4959,6
4960,18
4961,16
4962,8
4963,19
4964,18
4965,18
4966,16
4967,4
4968,0
4969,12
4970,5
4971,15
4972,1
4973,0
4974,18
4975,18
4976,12
4977,14
4978,15
4979,4
4980,12
4981,14
4982,14
4983,4
4984,4
4985,9
4986,7
4987,8
4988,2
4989,16
4990,6
4991,11
4992,9
4993,5
4994,17
4995,19
4996,15
4997,3
4998,16
4999,16
5000,19
5001,13
5002,11
5003,0
5004,8
5005,6
5006,8
5007,12
5008,18
5009,8
5010,17
5011,17
5012,16
5013,7
5014,12
5015,18
5016,10
5017,18
5018,1
5019,1
5020,13
5021,15
5022,7
5023,13
5024,5
5025,13
5026,7
5027,5
5028,7
5029,15
5030,9
5031,8
5032,8
5033,3
5034,16
5035,0
5036,0
5037,5
5038,10
5039,7
5040,8
5041,7
5042,18
5043,17
5044,19
5045,6
5046,17
5047,3
5048,1
5049,0
5050,19
5051,9
5052,10
5053,13
5054,6
5055,15
5056,17
5057,11
5058,6
5059,1
5060,19
5061,10
5062,1
5063,7
5064,16
5065,14
5066,2
5067,19
5068,8
5069,3
5070,16
5071,11
5072,18
5073,18
5074,19
5075,5
5076,12
5077,15
5078,1
5079,15
5080,9
5081,9
5082,2
5083,1
5084,5
5085,18
5086,4
5087,5
5088,14
5089,0
5090,15
5091,2
5092,14
5093,9
5094,13
5095,5
5096,1
5097,15
5098,0
5099,2
5100,13
5101,14
5102,2
5103,10
5104,16
5105,16
5106,11
5107,12
5108,6
5109,16
5110,15
5111,17
5112,17
5113,6
5114,6
5115,6
5116,5
5117,10
5118,18
5119,3
5120,1
5121,8
5122,7
5123,3
5124,1
5125,17
5126,17
5127,17
5128,5
5129,7
5130,7
5131,16
5132,8
5133,16
5134,11
5135,5
5136,10
5137,19
5138,6
5139,18
5140,7
5141,6
5142,11
5143,10
5144,15
5145,5
5146,4
5147,18
5148,15
5149,2
5150,5
5151,1
5152,7
5153,8
5154,8
5155,11
5156,9
5157,16
5158,3
5159,9
5160,16
5161,2
5162,3
5163,8
5164,15
5165,15
5166,10
5167,19
5168,8
5169,15
5170,13
5171,14
5172,2
5173,14
5174,5
5175,0
5176,6
5177,10
5178,17
5179,6
5180,14
5181,4
5182,7
5183,4
5184,19
5185,4
5186,12
5187,15
5188,12
5189,11
5190,0
5191,12
5192,5
5193,8
5194,12
5195,14
5196,7
5197,16
5198,15
5199,11
5200,3
5201,13
5202,0
5203,0
5204,6
5205,15
5206,17
5207,0
5208,7
5209,16
5210,17
5211,4
5212,8
5213,6
5214,19
5215,0
5216,7
5217,7
5218,2
5219,16
5220,11
5221,19
5222,5
5223,18
5224,6
5225,14
5226,15
5227,13
5228,14
5229,12
5230,6
5231,13
5232,14
5233,0
5234,1
5235,4
5236,4
5237,7
5238,17
5239,18
5240,7
5241,10
5242,6
5243,15
5244,0
5245,11
5246,1
5247,10
5248,0
5249,2
5250,6
5251,12
5252,10
5253,17
5254,4
5255,8
5256,13
5257,17
5258,15
5259,17
5260,12
5261,3
5262,19
5263,3
5264,14
5265,9
5266,15
5267,19
5268,2
5269,17
5270,9
5271,3
5272,6
5273,4
5274,4
5275,0
5276,5
5277,18
5278,14
5279,9
5280,19
5281,0
5282,14
5283,11
5284,16
5285,12
5286,8
5287,11
5288,14
5289,0
5290,7
5291,10
5292,11
5293,8
5294,1
5295,6
5296,14
5297,16
5298,11
5299,0
5300,9
5301,2
5302,3
5303,3
5304,15
5305,15
5306,9
5307,7
5308,13
5309,3
5310,13
5311,16
5312,16
5313,0
5314,12
5315,7
5316,3
5317,9
5318,14
5319,14
5320,8
5321,16
5322,18
5323,7
5324,7
5325,19
5326,0
5327,10
5328,17
5329,18
5330,4
5331,7
5332,17
5333,13
5334,18
5335,0
5336,3
5337,14
5338,17
5339,4
5340,16
5341,19
5342,8
5343,11
5344,5
5345,5
5346,4
5347,4
5348,11
5349,11
5350,5
5351,14
5352,4
5353,8
5354,3
5355,3
5356,14
5357,1
5358,11
5359,0
5360,3
5361,10
5362,15
5363,14
5364,18
5365,10
5366,6
5367,18
5368,13
5369,12
5370,16
5371,17
5372,5
5373,11
5374,0
5375,4
5376,11
5377,7
5378,14
5379,2
5380,5
5381,2
5382,11
5383,15
5384,15
5385,3
5386,13
5387,3
5388,4
5389,13
5390,13
5391,4
5392,12
5393,4
5394,14
5395,16
5396,19
5397,2
5398,9
5399,10
5400,1
5401,4
5402,4
5403,12
5404,5
5405,7
5406,14
5407,6
5408,9
5409,14
5410,19
5411,14
5412,8
5413,11
5414,0
5415,2
5416,9
5417,7
5418,19
5419,16
5420,8
5421,7
5422,8
5423,14
5424,2
5425,19
5426,10
5427,11
5428,8
5429,14
5430,19
5431,4
5432,5
5433,12
5434,14
5435,6
5436,9
5437,9
5438,13
5439,0
5440,5
5441,8
5442,6
5443,9
5444,12
5445,15
5446,7
5447,9
5448,7
5449,15
5450,0
5451,18
5452,0
5453,19
5454,8
5455,11
5456,8
5457,13
5458,6
5459,3
5460,0
5461,8
5462,0
5463,7
5464,11
5465,19
5466,9
5467,12
5468,19
5469,9
5470,15
5471,4
5472,16
5473,1
5474,1
5475,5
5476,6
5477,13
5478,7
5479,18
5480,16
5481,16
5482,17
5483,10
5484,4
5485,12
5486,0
5487,9
5488,4
5489,16
5490,13
5491,8
5492,18
5493,4
5494,0
5495,9
5496,10
5497,14
5498,15
5499,18
5500,1
5501,19
5502,12
5503,5
5504,17
5505,16
5506,18
5507,11
5508,3
5509,15
5510,12
5511,8
5512,8
5513,15
5514,5
5515,19
5516,19
5517,4
5518,13
5519,10
5520,4
5521,9
5522,8
5523,9
5524,16
5525,3
5526,16
5527,18
5528,7
5529,2
5530,0
5531,7
5532,5
5533,19
5534,5
5535,6
5536,4
5537,4
5538,10
5539,16
5540,14
5541,8
5542,2
5543,2
5544,5
5545,8
5546,8
5547,9
5548,8
5549,14
5550,16
5551,16
5552,18
5553,6
5554,3
5555,9
5556,4
5557,11
5558,11
5559,15
5560,17
5561,12
5562,2
5563,10
5564,11
5565,14
5566,4
5567,1
5568,1
5569,16
5570,11
5571,4
5572,6
5573,14
5574,15
5575,19
5576,15
5577,7
5578,1
5579,14
5580,8
5581,18
5582,10
5583,4
5584,5
5585,13
5586,16
5587,9
5588,1
5589,7
5590,13
5591,16
5592,5
5593,8
5594,1
5595,5
5596,19
5597,6
5598,2
5599,3
5600,12
5601,0
5602,3
5603,6
5604,9
5605,16
5606,13
5607,11
5608,4
5609,10
5610,1
5611,15
5612,14
5613,0
5614,5
5615,0
5616,13
5617,19
5618,10
5619,10
5620,8
5621,17
5622,5
5623,15
5624,3
5625,18
5626,19
5627,4
5628,12
5629,18
5630,2
5631,3
5632,13
5633,1
5634,5
5635,9
5636,3
5637,14
5638,19
5639,18
5640,3
5641,11
5642,16
5643,18
5644,18
5645,17
5646,12
5647,8
5648,6
5649,18
5650,8
5651,8
5652,12
5653,9
5654,9
5655,13
5656,12
5657,10
5658,10
5659,2
5660,13
5661,9
5662,14
5663,7
5664,3
5665,5
5666,12
5667,15
5668,13
5669,13
5670,1
5671,18
5672,5
5673,3
5674,16
5675,16
5676,18
5677,2
5678,12
5679,10
5680,4
5681,18
5682,19
5683,3
5684,16
5685,13
5686,16
5687,7
5688,19
5689,1
5690,15
5691,14
5692,7
5693,2
5694,18
5695,17
5696,18
5697,4
5698,12
5699,12
5700,13
5701,1
5702,2
5703,11
5704,9
5705,10
5706,3
5707,3
5708,16
5709,16
5710,9
5711,17
5712,9
5713,10
5714,2
5715,12
5716,13
5717,2
5718,7
5719,0
5720,14
5721,15
5722,7
5723,1
5724,6
5725,10
5726,8
5727,0
5728,3
5729,7
5730,6
5731,10
5732,12
5733,6
5734,7
5735,19
5736,12
5737,0
5738,18
5739,19
5740,6
5741,15
5742,19
5743,0
5744,16
5745,8
5746,5
5747,2
5748,1
5749,19
5750,11
5751,3
5752,7
5753,7
5754,15
5755,7
5756,18
5757,0
5758,1
5759,19
5760,17
5761,6
5762,11
5763,0
5764,12
5765,17
5766,5
5767,19
5768,13
5769,4
5770,17
5771,17
5772,0
5773,0
5774,15
5775,5
5776,16
5777,12
5778,17
5779,3
5780,1
5781,19
5782,6
5783,3
5784,17
5785,19
5786,5
5787,18
5788,11
5789,19
5790,7
5791,15
5792,3
5793,2
5794,16
5795,12
5796,4
5797,9
5798,16
5799,1
5800,16
5801,4
5802,19
5803,3
5804,19
5805,8
5806,9
5807,19
5808,0
5809,9
5810,1
5811,11
5812,19
5813,19
5814,13
5815,4
5816,6
5817,0
5818,6
5819,2
5820,6
5821,4
5822,14
5823,17
5824,18
5825,18
5826,4
5827,9
5828,9
5829,6
5830,0
5831,2
5832,0
5833,12
5834,7
5835,17
5836,8
5837,18
5838,18
5839,2
5840,12
5841,15
5842,10
5843,0
5844,13
5845,8
5846,7
5847,3
5848,18
5849,9
5850,6
5851,12
5852,9
5853,2
5854,10
5855,10
5856,10
5857,11
5858,8
5859,6
5860,14
5861,10
5862,10
5863,11
5864,11
5865,0
5866,14
5867,7
5868,8
5869,1
5870,11
5871,5
5872,2
5873,17
5874,15
5875,0
5876,14
5877,11
5878,6
5879,12
5880,7
5881,18
5882,8
5883,0
5884,0
5885,0
5886,19
5887,9
5888,16
5889,9
5890,12
5891,18
5892,19
5893,11
5894,19
5895,14
5896,15
5897,19
5898,6
5899,0
5900,3
5901,16
5902,14
5903,16
5904,11
5905,16
5906,15
5907,9
5908,18
5909,18
5910,12
5911,2
5912,10
5913,8
5914,0
5915,6
5916,9
5917,10
5918,10
5919,16
5920,4
5921,12
5922,17
5923,10
5924,3
5925,15
5926,1
5927,18
5928,8
5929,16
5930,10
5931,16
5932,5
5933,16
5934,10
5935,9
5936,12
5937,17
5938,3
5939,19
5940,7
5941,17
5942,3
5943,13
5944,11
5945,15
5946,4
5947,1
5948,10
5949,15
5950,10
5951,2
5952,2
5953,12
5954,3
5955,19
5956,13
5957,8
5958,16
5959,19
5960,16
5961,11
5962,19
5963,0
5964,0
5965,8
5966,10
5967,18
5968,11
5969,5
5970,18
5971,6
5972,11
5973,16
5974,0
5975,1
5976,15
5977,9
5978,13
5979,16
5980,3
5981,17
5982,4
5983,15
5984,4
5985,17
5986,7
5987,3
5988,16
5989,3
5990,15
5991,17
5992,17
5993,12
5994,13
5995,10
5996,13
5997,18
5998,8
5999,6
6000,8
6001,2
6002,18
6003,11
6004,3
6005,16
6006,13
6007,6
6008,14
6009,11
6010,4
6011,9
6012,2
6013,18
6014,8
6015,2
6016,19
6017,16
6018,13
6019,11
6020,15
6021,6
6022,15
6023,13
6024,14
6025,5
6026,13
6027,8
6028,5
6029,18
6030,19
6031,11
6032,18
6033,7
6034,7
6035,6
6036,9
6037,16
6038,4
6039,14
6040,19
6041,14
6042,15
6043,7
6044,11
6045,0
6046,6
6047,8
6048,8
6049,19
6050,17
6051,9
6052,14
6053,2
6054,14
6055,14
6056,1
6057,5
6058,4
6059,14
6060,14
6061,4
6062,10
6063,3
6064,6
6065,2
6066,11
6067,14
6068,18
6069,0
6070,1
6071,5
6072,10
6073,6
6074,3
6075,17
6076,12
6077,2
6078,19
6079,2
6080,3
6081,17
6082,10
6083,11
6084,17
6085,17
6086,19
6087,16
6088,0
6089,18
6090,13
6091,10
6092,6
6093,19
6094,10
6095,0
6096,17
6097,6
6098,8
6099,7
6100,1
6101,1
6102,3
6103,6
6104,4
6105,13
6106,18
6107,0
6108,7
6109,12
6110,1
6111,15
6112,14
6113,10
6114,8
6115,12
6116,17
6117,18
6118,15
6119,0
6120,7
6121,5
6122,9
6123,16
6124,4
6125,5
6126,5
6127,12
6128,19
6129,5
6130,9
6131,7
6132,13
6133,14
6134,0
6135,17
6136,11
6137,4
6138,19
6139,3
6140,12
6141,19
6142,15
6143,15
6144,4
6145,1
6146,11
6147,14
6148,13
6149,8
6150,14
6151,9
6152,10
6153,19
6154,6
6155,6
6156,7
6157,16
6158,5
6159,16
6160,5
6161,4
6162,14
6163,13
6164,10
6165,17
6166,6
6167,7
6168,0
6169,10
6170,7
6171,9
6172,0
6173,15
6174,12
6175,4
6176,17
6177,4
6178,6
6179,18
6180,13
6181,0
6182,18
6183,19
6184,17
6185,3
6186,9
6187,1
6188,9
6189,9
6190,13
6191,19
6192,5
6193,17
6194,16
6195,0
6196,5
6197,17
6198,5
6199,9
6200,13
6201,8
6202,18
6203,10
6204,9
6205,7
6206,4
6207,18
6208,4
6209,7
6210,16
6211,18
6212,9
6213,19
6214,2
6215,5
6216,12
6217,5
6218,9
6219,3
6220,7
6221,9
6222,14
6223,7
6224,6
6225,5
6226,19
6227,17
6228,18
6229,7
6230,11
6231,13
6232,6
6233,11
6234,13
6235,4
6236,17
6237,12
6238,8
6239,7
6240,4
6241,0
6242,13
6243,17
6244,13
6245,6
6246,13
6247,11
6248,1
6249,2
6250,13
6251,8
6252,17
6253,13
6254,1
6255,0
6256,13
6257,13
6258,4
6259,4
6260,11
6261,17
6262,19
6263,3
6264,13
6265,3
6266,7
6267,14
6268,9
6269,3
6270,7
6271,0
6272,2
6273,8
6274,17
6275,4
6276,13
6277,11
6278,19
6279,4
6280,19
6281,9
6282,16
6283,11
6284,18
6285,16
6286,2
6287,18
6288,5
6289,16
6290,3
6291,6
6292,19
6293,11
6294,13
6295,13
6296,12
6297,17
6298,15
6299,7
6300,2
6301,15
6302,8
6303,1
6304,6
6305,19
6306,7
6307,3
6308,1
6309,16
6310,8
6311,5
6312,3
6313,17
6314,9
6315,8
6316,12
6317,8
6318,1
6319,11
6320,9
6321,13
6322,10
6323,16
6324,14
6325,13
6326,9
6327,9
6328,2
6329,3
6330,4
6331,1
6332,17
6333,8
6334,17
6335,6
6336,3
6337,12
6338,3
6339,0
6340,2
6341,0
6342,15
6343,7
6344,16
6345,6
6346,4
6347,1
6348,13
6349,7
6350,6
6351,7
6352,4
6353,5
6354,10
6355,6
6356,7
6357,16
6358,15
6359,12
6360,9
6361,1
6362,12
6363,18
6364,11
6365,13
6366,6
6367,11
6368,17
6369,12
6370,1
6371,3
6372,2
6373,14
6374,4
6375,0
6376,16
6377,18
6378,7
6379,15
6380,1
6381,9
6382,3
6383,6
6384,5
6385,3
6386,2
6387,2
6388,3
6389,0
6390,7
6391,6
6392,1
6393,19
6394,15
6395,3
6396,11
6397,6
6398,5
6399,19
6400,17
6401,3
6402,1
6403,18
6404,5
6405,11
6406,12
6407,19
6408,13
6409,1
6410,12
6411,3
6412,12
6413,3
6414,10
6415,7
6416,1
6417,3
6418,17
6419,1
6420,14
6421,15
6422,4
6423,7
6424,3
6425,3
6426,5
6427,18
6428,18
6429,19
6430,0
6431,8
6432,1
6433,10
6434,13
6435,4
6436,8
6437,2
6438,9
6439,10
6440,5
6441,0
6442,17
6443,4
6444,15
6445,15
6446,8
6447,8
6448,19
6449,11
6450,4
6451,3
6452,8
6453,19
6454,17
6455,2
6456,5
6457,13
6458,2
6459,9
6460,12
6461,8
6462,9
6463,2
6464,12
6465,7
6466,6
6467,12
6468,9
6469,15
6470,13
6471,9
6472,18
6473,6
6474,14
6475,10
6476,4
6477,19
6478,1
6479,3
6480,3
6481,0
6482,11
6483,4
6484,4
6485,0
6486,15
6487,18
6488,12
6489,13
6490,1
6491,14
6492,16
6493,2
6494,13
6495,5
6496,17
6497,17
6498,10
6499,14
6500,10
6501,14
6502,10
6503,18
6504,3
6505,4
6506,19
6507,10
6508,5
6509,11
6510,5
6511,11
6512,4
6513,15
6514,12
6515,11
6516,7
6517,18
6518,5
6519,6
6520,8
6521,16
6522,7
6523,13
6524,11
6525,2
6526,16
6527,7
6528,10
6529,18
6530,9
6531,16
6532,1
6533,13
6534,18
6535,10
6536,18
6537,9
6538,3
6539,6
6540,6
6541,5
6542,5
6543,7
6544,6
6545,11
6546,8
6547,11
6548,18
6549,0
6550,13
6551,1
6552,11
6553,4
6554,9
6555,1
6556,16
6557,18
6558,7
6559,11
6560,7
6561,18
6562,18
6563,10
6564,3
6565,3
6566,5
6567,2
6568,3
6569,10
6570,1
6571,12
6572,12
6573,18
6574,1
6575,2
6576,3
6577,12
6578,18
6579,10
6580,13
6581,18
6582,14
6583,18
6584,2
6585,6
6586,14
6587,16
6588,17
6589,18
6590,10
6591,15
6592,4
6593,19
6594,19
6595,1
6596,19
6597,11
6598,9
6599,7
6600,9
6601,7
6602,18
6603,0
6604,19
6605,14
6606,15
6607,14
6608,0
6609,7
6610,17
6611,2
6612,3
6613,8
6614,12
6615,5
6616,11
6617,18
6618,0
6619,15
6620,3
6621,4
6622,15
6623,17
6624,8
6625,4
6626,0
6627,19
6628,10
6629,16
6630,14
6631,9
6632,11
6633,7
6634,4
6635,12
6636,7
6637,16
6638,2
6639,11
6640,4
6641,3
6642,15
6643,16
6644,10
6645,12
6646,19
6647,11
6648,4
6649,0
6650,17
6651,12
6652,5
6653,10
6654,12
6655,14
6656,17
6657,9
6658,19
6659,13
6660,5
6661,9
6662,15
6663,11
6664,17
6665,7
6666,12
6667,12
6668,5
6669,13
6670,1
6671,13
6672,10
6673,15
6674,4
6675,0
6676,6
6677,14
6678,2
6679,6
6680,7
6681,1
6682,9
6683,6
6684,5
6685,9
6686,13
6687,3
6688,3
6689,14
6690,11
6691,8
6692,18
6693,13
6694,9
6695,3
6696,8
6697,5
6698,4
6699,1
6700,8
6701,7
6702,9
6703,16
6704,10
6705,6
6706,0
6707,16
6708,14
6709,2
6710,6
6711,5
6712,16
6713,16
6714,4
6715,8
6716,8
6717,10
6718,0
6719,8
6720,9
6721,17
6722,19
6723,18
6724,15
6725,13
6726,13
6727,4
6728,3
6729,0
6730,3
6731,6
6732,9
6733,6
6734,11
6735,11
6736,17
6737,8
6738,1
6739,14
6740,9
6741,15
6742,7
6743,13
6744,17
6745,6
6746,0
6747,0
6748,3
6749,13
6750,6
6751,11
6752,13
6753,15
6754,1
6755,10
6756,16
6757,8
6758,8
6759,10
6760,16
6761,2
6762,15
6763,12
6764,2
6765,18
6766,17
6767,1
6768,18
6769,3
6770,6
6771,16
6772,6
6773,6
6774,19
6775,9
6776,1
6777,1
6778,1
6779,19
6780,3
6781,17
6782,5
6783,11
6784,6
6785,6
6786,12
6787,16
6788,13
6789,1
6790,14
6791,14
6792,6
6793,11
6794,3
6795,1
6796,0
6797,12
6798,5
6799,19
6800,8
6801,16
6802,12
6803,17
6804,4
6805,11
6806,12
6807,14
6808,10
6809,8
6810,3
6811,17
6812,16
6813,4
6814,16
6815,9
6816,16
6817,12
6818,16
6819,16
6820,0
6821,18
6822,19
6823,10
6824,1
6825,2
6826,14
6827,7
6828,5
6829,5
6830,7
6831,1
6832,18
6833,14
6834,7
6835,1
6836,0
6837,4
6838,9
6839,4
6840,12
6841,5
6842,15
6843,1
6844,11
6845,11
6846,16
6847,15
6848,0
6849,1
6850,0
6851,17
6852,13
6853,16
6854,16
6855,6
6856,19
6857,12
6858,16
6859,13
6860,6
6861,7
6862,1
6863,6
6864,15
6865,8
6866,4
6867,2
6868,5
6869,15
6870,4
6871,2
6872,2
6873,13
6874,19
6875,17
6876,8
6877,19
6878,18
6879,0
6880,4
6881,15
6882,15
6883,6
6884,10
6885,4
6886,18
6887,19
6888,17
6889,2
6890,8
6891,17
6892,17
6893,9
6894,7
6895,1
6896,13
6897,16
6898,14
6899,17
6900,7
6901,1
6902,9
6903,2
6904,13
6905,15
6906,12
6907,9
6908,9
6909,1
6910,7
6911,18
6912,8
6913,13
6914,17
6915,15
6916,1
6917,5
6918,4
6919,17
6920,19
6921,12
6922,8
6923,9
6924,18
6925,4
6926,4
6927,16
6928,11
6929,4
6930,9
6931,4
6932,7
6933,14
6934,11
6935,9
6936,14
6937,10
6938,5
6939,16
6940,7
6941,9
6942,17
6943,14
6944,12
6945,14
6946,4
6947,9
6948,7
6949,17
6950,0
6951,17
6952,19
6953,9
6954,19
6955,8
6956,16
6957,9
6958,14
6959,0
6960,16
6961,16
6962,12
6963,6
6964,14
6965,11
6966,10
6967,7
6968,9
6969,12
6970,10
6971,5
6972,6
6973,18
6974,5
6975,17
6976,8
6977,12
6978,12
6979,19
6980,19
6981,9
6982,4
6983,5
6984,10
6985,12
6986,2
6987,0
6988,6
6989,2
6990,10
6991,9
6992,1
6993,16
6994,4
6995,12
6996,16
6997,4
6998,16
6999,10
7000,6
7001,15
7002,6
7003,16
7004,0
7005,10
7006,5
7007,17
7008,0
7009,6
7010,10
7011,3
7012,13
7013,17
7014,9
7015,19
7016,6
7017,13
7018,18
7019,9
7020,2
7021,0
7022,10
7023,5
7024,5
7025,7
7026,14
7027,5
7028,14
7029,0
7030,13
7031,14
7032,4
7033,19
7034,16
7035,17
7036,10
7037,1
7038,14
7039,17
7040,13
7041,15
7042,17
7043,16
7044,3
7045,19
7046,18
7047,15
7048,1
7049,14
7050,9
7051,15
7052,16
7053,12
7054,4
7055,18
7056,4
7057,12
7058,11
7059,7
7060,3
7061,12
7062,0
7063,13
7064,13
7065,4
7066,6
7067,17
7068,19
7069,1
7070,7
7071,2
7072,0
7073,0
7074,15
7075,0
7076,4
7077,15
7078,7
7079,17
7080,14
7081,17
7082,1
7083,2
7084,4
7085,14
7086,9
7087,11
7088,7
7089,14
7090,4
7091,11
7092,5
7093,12
7094,12
7095,8
7096,5
7097,3
7098,19
7099,3
7100,0
7101,18
7102,14
7103,11
7104,1
7105,12
7106,17
7107,6
7108,19
7109,9
7110,7
7111,8
7112,19
7113,18
7114,8
7115,4
7116,0
7117,2
7118,14
7119,7
7120,18
7121,8
7122,0
7123,13
7124,3
7125,12
7126,7
7127,11
7128,7
7129,0
7130,10
7131,17
7132,9
7133,1
7134,18
7135,17
7136,15
7137,10
7138,4
7139,3
7140,5
7141,4
7142,4
7143,5
7144,12
7145,19
7146,18
7147,19
7148,11
7149,11
7150,11
7151,5
7152,17
7153,0
7154,4
7155,1
7156,3
7157,18
7158,19
7159,19
7160,17
7161,9
7162,17
7163,16
7164,13
7165,17
7166,4
7167,13
7168,18
7169,12
7170,11
7171,10
7172,15
7173,6
7174,12
7175,8
7176,3
7177,12
7178,2
7179,5
7180,11
7181,17
7182,13
7183,14
7184,10
7185,19
7186,3
7187,5
7188,5
7189,11
7190,4
7191,10
7192,18
7193,8
7194,14
7195,6
7196,18
7197,11
7198,1
7199,2
7200,16
7201,15
7202,11
7203,8
7204,5
7205,17
7206,1
7207,0
7208,0
7209,1
7210,4
7211,17
7212,3
7213,19
7214,5
7215,5
7216,5
7217,9
7218,18
7219,11
7220,11
7221,10
7222,16
7223,15
7224,8
7225,1
7226,19
7227,4
7228,15
7229,11
7230,4
7231,15
7232,12
7233,17
7234,13
7235,1
7236,12
7237,3
7238,8
7239,16
7240,14
7241,14
7242,13
7243,6
7244,3
7245,12
7246,16
7247,15
7248,18
7249,7
7250,8
7251,1
7252,0
7253,15
7254,5
7255,11
7256,9
7257,4
7258,17
7259,12
7260,5
7261,9
7262,15
7263,7
7264,11
7265,18
7266,2
7267,12
7268,5
7269,15
7270,4
7271,19
7272,11
7273,5
7274,3
7275,19
7276,5
7277,15
7278,14
7279,1
7280,12
7281,15
7282,14
7283,16
7284,15
7285,19
7286,10
7287,10
7288,9
7289,14
7290,6
7291,14
7292,9
7293,0
7294,16
7295,3
7296,4
7297,5
7298,1
7299,9
7300,10
7301,11
7302,7
7303,9
7304,1
7305,16
7306,2
7307,2
7308,19
7309,12
7310,0
7311,19
7312,7
7313,16
7314,4
7315,18
7316,15
7317,6
7318,8
7319,19
7320,16
7321,18
7322,9
7323,1
7324,1
7325,3
7326,6
7327,11
7328,7
7329,11
7330,11
7331,7
7332,5
7333,9
7334,1
7335,18
7336,5
7337,2
7338,15
7339,17
7340,4
7341,5
7342,1
7343,15
7344,15
7345,18
7346,14
7347,9
7348,1
7349,12
7350,8
7351,17
7352,8
7353,10
7354,18
7355,9
7356,5
7357,19
7358,3
7359,1
7360,10
7361,17
7362,14
7363,4
7364,0
7365,17
7366,4
7367,12
7368,3
7369,13
7370,19
7371,9
7372,2
7373,19
7374,17
7375,5
7376,10
7377,13
7378,11
7379,13
7380,2
7381,12
7382,1
7383,7
7384,10
7385,1
7386,11
7387,7
7388,14
7389,0
7390,1
7391,4
7392,17
7393,11
7394,7
7395,4
7396,8
7397,1
7398,17
7399,3
7400,6
7401,4
7402,18
7403,8
7404,12
7405,17
7406,14
7407,6
7408,13
7409,1
7410,15
7411,14
7412,17
7413,4
7414,14
7415,17
7416,12
7417,4
7418,1
7419,4
7420,7
7421,13
7422,11
7423,7
7424,18
7425,3
7426,7
7427,6
7428,8
7429,8
7430,13
7431,1
7432,4
7433,17
7434,17
7435,19
7436,17
7437,16
7438,6
7439,0
7440,13
7441,10
7442,2
7443,18
7444,13
7445,18
7446,18
7447,10
7448,9
7449,14
7450,10
7451,18
7452,7
7453,5
7454,3
7455,0
7456,10
7457,4
7458,10
7459,18
7460,1
7461,5
7462,2
7463,1
7464,16
7465,1
7466,3
7467,9
7468,18
7469,8
7470,17
7471,2
7472,16
7473,15
7474,5
7475,11
7476,12
7477,6
7478,10
7479,2
7480,12
7481,3
7482,17
7483,1
7484,7
7485,18
7486,4
7487,6
7488,9
7489,12
7490,6
7491,13
7492,0
7493,3
7494,13
7495,12
7496,4
7497,14
7498,15
7499,19
7500,5
7501,9
7502,0
7503,4
7504,2
7505,12
7506,7
7507,1
7508,9
7509,10
7510,3
7511,7
7512,18
7513,14
7514,11
7515,5
7516,10
7517,2
7518,14
7519,15
7520,14
7521,13
7522,9
7523,10
7524,16
7525,14
7526,9
7527,3
7528,2
7529,1
7530,19
7531,5
7532,2
7533,16
7534,0
7535,5
7536,6
7537,17
7538,7
7539,18
7540,14
7541,17
7542,15
7543,8
7544,5
7545,13
7546,15
7547,10
7548,5
7549,10
7550,2
7551,12
7552,6
7553,19
7554,12
7555,6
7556,4
7557,18
7558,12
7559,6
7560,7
7561,15
7562,11
7563,9
7564,6
7565,3
7566,18
7567,19
7568,6
7569,12
7570,14
7571,17
7572,17
7573,9
7574,18
7575,13
7576,6
7577,15
7578,0
7579,14
7580,1
7581,5
7582,19
7583,18
7584,15
7585,9
7586,0
7587,5
7588,12
7589,12
7590,12
7591,4
7592,12
7593,13
7594,5
7595,13
7596,17
7597,5
7598,16
7599,17
7600,18
7601,12
7602,15
7603,2
7604,1
7605,18
7606,0
7607,4
7608,13
7609,18
7610,14
7611,9
7612,8
7613,19
7614,14
7615,8
7616,1
7617,3
7618,6
7619,14
7620,0
7621,2
7622,18
7623,0
7624,11
7625,11
7626,10
7627,11
7628,13
7629,19
7630,1
7631,13
7632,16
7633,13
7634,1
7635,12
7636,0
7637,4
7638,3
7639,13
7640,19
7641,0
7642,9
7643,5
7644,7
7645,9
7646,3
7647,3
7648,16
7649,15
7650,18
7651,0
7652,6
7653,2
7654,11
7655,15
7656,8
7657,6
7658,1
7659,4
7660,4
7661,12
7662,14
7663,14
7664,0
7665,9
7666,1
7667,11
7668,5
7669,13
7670,9
7671,19
7672,8
7673,0
7674,3
7675,16
7676,6
7677,5
7678,6
7679,2
7680,14
7681,16
7682,16
7683,9
7684,2
7685,12
7686,9
7687,10
7688,7
7689,4
7690,19
7691,4
7692,7
7693,11
7694,4
7695,7
7696,15
7697,13
7698,3
7699,15
7700,12
7701,1
7702,9
7703,7
7704,15
7705,10
7706,18
7707,13
7708,3
7709,1
7710,17
7711,17
7712,19
7713,10
7714,5
7715,17
7716,12
7717,18
7718,0
7719,12
7720,13
7721,19
7722,13
7723,14
7724,13
7725,17
7726,14
7727,7
7728,11
7729,7
7730,16
7731,8
7732,3
7733,11
7734,0
7735,18
7736,1
7737,17
7738,17
7739,2
7740,9
7741,9
7742,4
7743,16
7744,2
7745,19
7746,9
7747,2
7748,1
7749,3
7750,0
7751,5
7752,9
7753,1
7754,9
7755,14
7756,17
7757,4
7758,16
7759,5
7760,8
7761,15
7762,5
7763,12
7764,7
7765,11
7766,11
7767,18
7768,6
7769,11
7770,1
7771,17
7772,6
7773,5
7774,13
7775,13
7776,11
7777,8
7778,2
7779,0
7780,8
7781,18
7782,6
7783,4
7784,19
7785,2
7786,7
7787,13
7788,7
7789,9
7790,19
7791,1
7792,8
7793,17
7794,12
7795,13
7796,9
7797,17
7798,8
7799,15
7800,19
7801,17
7802,9
7803,11
7804,8
7805,9
7806,1
7807,14
7808,7
7809,10
7810,10
7811,1
7812,8
7813,2
7814,10
7815,18
7816,8
7817,0
7818,14
7819,7
7820,18
7821,18
7822,11
7823,19
7824,6
7825,15
7826,7
7827,11
7828,6
7829,6
7830,10
7831,0
7832,14
7833,4
7834,16
7835,0
7836,9
7837,13
7838,1
7839,12
7840,13
7841,10
7842,9
7843,13
7844,16
7845,5
7846,12
7847,13
7848,12
7849,8
7850,17
7851,8
7852,10
7853,6
7854,4
7855,7
7856,16
7857,1
7858,0
7859,17
7860,18
7861,15
7862,3
7863,11
7864,17
7865,3
7866,12
7867,10
7868,0
7869,12
7870,7
7871,1
7872,11
7873,18
7874,2
7875,9
7876,10
7877,19
7878,18
7879,8
7880,16
7881,18
7882,4
7883,9
7884,12
7885,14
7886,7
7887,7
7888,16
7889,17
7890,6
7891,8
7892,5
7893,8
7894,12
7895,17
7896,15
7897,7
7898,14
7899,13
7900,7
7901,17
7902,15
7903,9
7904,9
7905,8
7906,11
7907,18
7908,2
7909,11
7910,7
7911,10
7912,3
7913,12
7914,19
7915,16
7916,7
7917,6
7918,18
7919,0
7920,6
7921,8
7922,16
7923,18
7924,7
7925,11
7926,19
7927,13
7928,18
7929,4
7930,10
7931,14
7932,14
7933,11
7934,7
7935,16
7936,17
7937,17
7938,16
7939,13
7940,10
7941,14
7942,1
7943,12
7944,14
7945,7
7946,5
7947,9
7948,1
7949,17
7950,11
7951,7
7952,17
7953,14
7954,14
7955,0
7956,19
7957,3
7958,9
7959,16
7960,6
7961,15
7962,5
7963,16
7964,2
7965,8
7966,12
7967,17
7968,14
7969,2
7970,0
7971,10
7972,3
7973,19
7974,1
7975,15
7976,2
7977,14
7978,15
7979,4
7980,16
7981,1
7982,17
7983,18
7984,15
7985,1
7986,19
7987,10
7988,2
7989,11
7990,19
7991,17
7992,4
7993,0
7994,11
7995,2
7996,1
7997,5
7998,16
7999,13
8000,2
8001,8
8002,4
8003,0
8004,16
8005,7
8006,7
8007,7
8008,18
8009,0
8010,1
8011,14
8012,19
8013,0
8014,18
8015,2
8016,15
8017,3
8018,10
8019,2
8020,5
8021,12
8022,19
8023,10
8024,19
8025,10
8026,16
8027,14
8028,15
8029,10
8030,13
8031,14
8032,6
8033,9
8034,14
8035,18
8036,7
8037,17
8038,8
8039,2
8040,1
8041,0
8042,4
8043,9
8044,8
8045,16
8046,5
8047,6
8048,5
8049,10
8050,12
8051,3
8052,14
8053,6
8054,17
8055,4
8056,16
8057,15
8058,18
8059,13
8060,15
8061,7
8062,14
8063,15
8064,15
8065,0
8066,0
8067,7
8068,1
8069,17
8070,2
8071,13
8072,5
8073,16
8074,3
8075,12
8076,4
8077,6
8078,9
8079,8
8080,6
8081,1
8082,8
8083,10
8084,1
8085,0
8086,19
8087,11
8088,3
8089,18
8090,6
8091,14
8092,4
8093,17
8094,10
8095,11
8096,16
8097,5
8098,3
8099,0
8100,12
8101,2
8102,13
8103,6
8104,8
8105,17
8106,19
8107,3
8108,1
8109,0
8110,5
8111,5
8112,2
8113,16
8114,0
8115,16
8116,13
8117,7
8118,17
8119,5
8120,8
8121,12
8122,4
8123,5
8124,18
8125,6
8126,16
8127,7
8128,1
8129,7
8130,3
8131,1
8132,13
8133,9
8134,14
8135,12
8136,1
8137,4
8138,18
8139,16
8140,13
8141,18
8142,6
8143,12
8144,9
8145,4
8146,18
8147,15
8148,13
8149,13
8150,12
8151,7
8152,2
8153,14
8154,13
8155,9
8156,16
8157,0
8158,0
8159,17
8160,12
8161,16
8162,17
8163,11
8164,15
8165,15
8166,17
8167,4
8168,13
8169,7
8170,7
8171,11
8172,4
8173,2
8174,14
8175,18
8176,9
8177,15
8178,1
8179,14
8180,2
8181,12
8182,3
8183,8
8184,4
8185,3
8186,6
8187,11
8188,1
8189,0
8190,19
8191,6
8192,8
8193,2
8194,2
8195,9
8196,9
8197,2
8198,3
8199,16
8200,17
8201,5
8202,5
8203,6
8204,13
8205,0
8206,19
8207,14
8208,1
8209,3
8210,15
8211,6
8212,12
8213,12
8214,7
8215,14
8216,3
8217,3
8218,16
8219,14
8220,13
8221,15
8222,14
8223,8
8224,18
8225,16
8226,8
8227,6
8228,10
8229,2
8230,13
8231,12
8232,0
8233,0
8234,16
8235,5
8236,15
8237,9
8238,16
8239,16
8240,15
8241,10
8242,6
8243,7
8244,5
8245,19
8246,7
8247,5
8248,19
8249,14
8250,11
8251,7
8252,8
8253,13
8254,16
8255,5
8256,4
8257,13
8258,1
8259,14
8260,15
8261,2
8262,16
8263,6
8264,5
8265,12
8266,14
8267,14
8268,8
8269,17
8270,15
8271,10
8272,8
8273,0
8274,10
8275,7
8276,14
8277,9
8278,16
8279,19
8280,7
8281,3
8282,0
8283,7
8284,10
8285,13
8286,9
8287,3
8288,8
8289,15
8290,6
8291,19
8292,4
8293,17
8294,8
8295,15
8296,14
8297,17
8298,5
8299,4
8300,3
8301,0
8302,12
8303,19
8304,14
8305,8
8306,3
8307,12
8308,14
8309,8
8310,19
8311,7
8312,15
8313,15
8314,11
8315,9
8316,14
8317,16
8318,0
8319,5
8320,0
8321,6
8322,11
8323,14
8324,12
8325,9
8326,0
8327,13
8328,11
8329,19
8330,7
8331,17
8332,15
8333,16
8334,8
8335,1
8336,17
8337,5
8338,17
8339,2
8340,13
8341,6
8342,4
8343,1
8344,9
8345,19
8346,14
8347,14
8348,18
8349,2
8350,17
8351,18
8352,1
8353,11
8354,9
8355,12
8356,1
8357,12
8358,16
8359,10
8360,13
8361,10
8362,11
8363,10
8364,5
8365,2
8366,17
8367,17
8368,4
8369,8
8370,13
8371,5
8372,9
8373,10
8374,9
8375,12
8376,12
8377,11
8378,7
8379,10
8380,4
8381,15
8382,1
8383,0
8384,9
8385,16
8386,4
8387,13
8388,1
8389,0
8390,7
8391,1
8392,5
8393,7
8394,14
8395,4
8396,6
8397,17
8398,17
8399,4
8400,0
8401,8
8402,8
8403,5
8404,2
8405,6
8406,17
8407,5
8408,2
8409,12
8410,0
8411,13
8412,4
8413,1
8414,5
8415,15
8416,19
8417,14
8418,3
8419,10
8420,5
8421,9
8422,11
8423,18
8424,3
8425,18
8426,2
8427,2
8428,13
8429,15
8430,2
8431,18
8432,13
8433,3
8434,16
8435,10
8436,18
8437,1
8438,15
8439,0
8440,1
8441,13
8442,5
8443,16
8444,3
8445,2
8446,14
8447,10
8448,9
8449,9
8450,9
8451,4
8452,5
8453,12
8454,14
8455,11
8456,18
8457,19
8458,10
8459,14
8460,6
8461,4
8462,12
8463,19
8464,1
8465,1
8466,18
8467,9
8468,5
8469,13
8470,15
8471,14
8472,3
8473,15
8474,9
8475,17
8476,17
8477,17
8478,2
8479,8
8480,5
8481,2
8482,3
8483,0
8484,10
8485,1
8486,1
8487,11
8488,18
8489,9
8490,1
8491,9
8492,16
8493,4
8494,9
8495,15
8496,5
8497,10
8498,11
8499,9
8500,11
8501,9
8502,6
8503,17
8504,18
8505,2
8506,15
8507,3
8508,19
8509,0
8510,13
8511,4
8512,6
8513,9
8514,13
8515,11
8516,5
8517,17
8518,9
8519,17
8520,1
8521,14
8522,11
8523,12
8524,2
8525,3
8526,14
8527,16
8528,14
8529,11
8530,3
8531,12
8532,5
8533,12
8534,11
8535,8
8536,17
8537,8
8538,12
8539,7
8540,12
8541,7
8542,7
8543,10
8544,5
8545,3
8546,9
8547,19
8548,15
8549,7
8550,17
8551,5
8552,11
8553,1
8554,4
8555,7
8556,17
8557,17
8558,9
8559,6
8560,13
8561,10
8562,15
8563,9
8564,8
8565,19
8566,0
8567,17
8568,4
8569,14
8570,3
8571,9
8572,13
8573,14
8574,2
8575,2
8576,1
8577,15
8578,11
8579,6
8580,2
8581,10
8582,9
8583,1
8584,12
8585,5
8586,9
8587,14
8588,13
8589,1
8590,17
8591,2
8592,7
8593,1
8594,7
8595,1
8596,14
8597,9
8598,15
8599,19
8600,11
8601,18
8602,14
8603,12
8604,18
8605,3
8606,17
8607,9
8608,11
8609,0
8610,13
8611,18
8612,19
8613,6
8614,19
8615,6
8616,6
8617,4
8618,16
8619,6
8620,7
8621,19
8622,10
8623,1
8624,9
8625,16
8626,13
8627,15
8628,15
8629,9
8630,5
8631,16
8632,13
8633,15
8634,9
8635,3
8636,10
8637,15
8638,14
8639,7
8640,0
8641,13
8642,19
8643,15
8644,19
8645,14
8646,5
8647,0
8648,2
8649,11
8650,4
8651,1
8652,3
8653,14
8654,0
8655,8
8656,4
8657,3
8658,12
8659,19
8660,9
8661,17
8662,0
8663,4
8664,5
8665,14
8666,18
8667,6
8668,12
8669,12
8670,9
8671,0
8672,13
8673,11
8674,2
8675,12
8676,16
8677,7
8678,4
8679,13
8680,14
8681,8
8682,1
8683,11
8684,4
8685,4
8686,9
8687,2
8688,5
8689,5
8690,13
8691,1
8692,17
8693,5
8694,10
8695,3
8696,1
8697,9
8698,10
8699,16
8700,2
8701,12
8702,15
8703,9
8704,15
8705,3
8706,4
8707,7
8708,10
8709,4
8710,10
8711,18
8712,8
8713,17
8714,2
8715,9
8716,12
8717,3
8718,0
8719,19
8720,2
8721,4
8722,10
8723,5
8724,6
8725,14
8726,10
8727,17
8728,8
8729,15
8730,6
8731,12
8732,17
8733,5
8734,10
8735,13
8736,1
8737,9
8738,15
8739,7
8740,10
8741,2
8742,0
8743,7
8744,8
8745,13
8746,16
8747,10
8748,7
8749,15
8750,4
8751,17
8752,15
8753,8
8754,10
8755,15
8756,9
8757,6
8758,3
8759,2
8760,15
8761,6
8762,6
8763,7
8764,7
8765,2
8766,10
8767,6
8768,16
8769,4
8770,12
8771,8
8772,12
8773,0
8774,14
8775,3
8776,9
8777,4
8778,11
8779,16
8780,7
8781,13
8782,17
8783,7
8784,17
8785,2
8786,8
8787,9
8788,13
8789,12
8790,5
8791,19
8792,2
8793,2
8794,8
8795,4
8796,6
8797,11
8798,12
8799,19
8800,18
8801,4
8802,13
8803,16
8804,11
8805,14
8806,7
8807,15
8808,8
8809,7
8810,5
8811,11
8812,6
8813,13
8814,1
8815,6
8816,11
8817,18
8818,19
8819,7
8820,18
8821,16
8822,12
8823,15
8824,7
8825,2
8826,2
8827,0
8828,19
8829,6
8830,0
8831,8
8832,11
8833,18
8834,8
8835,3
8836,7
8837,14
8838,16
8839,9
8840,18
8841,1
8842,10
8843,2
8844,0
8845,7
8846,0
8847,15
8848,16
8849,15
8850,10
8851,3
8852,6
8853,4
8854,17
8855,3
8856,14
8857,14
8858,13
8859,2
8860,10
8861,17
8862,5
8863,2
8864,6
8865,14
8866,14
8867,10
8868,3
8869,19
8870,19
8871,14
8872,3
8873,5
8874,8
8875,0
8876,15
8877,0
8878,5
8879,0
8880,18
8881,14
8882,17
8883,5
8884,3
8885,17
8886,5
8887,9
8888,9
8889,9
8890,15
8891,17
8892,5
8893,8
8894,17
8895,6
8896,16
8897,16
8898,17
8899,6
8900,7
8901,3
8902,16
8903,14
8904,14
8905,1
8906,12
8907,16
8908,4
8909,12
8910,16
8911,2
8912,9
8913,17
8914,14
8915,2
8916,0
8917,0
8918,15
8919,18
8920,10
8921,17
8922,13
8923,2
8924,17
8925,15
8926,15
8927,8
8928,11
8929,0
8930,11
8931,16
8932,19
8933,1
8934,13
8935,0
8936,14
8937,1
8938,11
8939,6
8940,10
8941,0
8942,8
8943,17
8944,15
8945,10
8946,9
8947,9
8948,0
8949,6
8950,5
8951,7
8952,0
8953,2
8954,2
8955,4
8956,4
8957,0
8958,18
8959,6
8960,16
8961,6
8962,3
8963,0
8964,4
8965,18
8966,0
8967,0
8968,1
8969,11
8970,17
8971,4
8972,3
8973,16
8974,4
8975,6
8976,18
8977,18
8978,8
8979,13
8980,10
8981,6
8982,17
8983,6
8984,6
8985,16
8986,11
8987,17
8988,2
8989,6
8990,16
8991,6
8992,3
8993,9
8994,1
8995,18
8996,0
8997,7
8998,8
8999,7
9000,18
9001,2
9002,0
9003,10
9004,12
9005,3
9006,17
9007,5
9008,2
9009,18
9010,3
9011,12
9012,12
9013,14
9014,10
9015,17
9016,4
9017,5
9018,11
9019,4
9020,16
9021,2
9022,14
9023,11
9024,4
9025,12
9026,1
9027,4
9028,12
9029,19
9030,15
9031,1
9032,7
9033,12
9034,19
9035,1
9036,13
9037,15
9038,14
9039,13
9040,10
9041,12
9042,7
9043,14
9044,4
9045,2
9046,17
9047,14
9048,0
9049,5
9050,10
9051,12
9052,0
9053,12
9054,4
9055,16
9056,18
9057,6
9058,19
9059,1
9060,11
9061,14
9062,14
9063,18
9064,4
9065,11
9066,10
9067,11
9068,2
9069,15
9070,3
9071,15
9072,5
9073,9
9074,5
9075,16
9076,12
9077,14
9078,1
9079,18
9080,17
9081,5
9082,9
9083,12
9084,3
9085,13
9086,15
9087,18
9088,8
9089,5
9090,9
9091,1
9092,18
9093,12
9094,18
9095,6
9096,1
9097,17
9098,8
9099,13
9100,2
9101,8
9102,5
9103,17
9104,17
9105,19
9106,14
9107,9
9108,7
9109,9
9110,18
9111,8
9112,18
9113,19
9114,18
9115,14
9116,5
9117,6
9118,6
9119,7
9120,18
9121,7
9122,3
9123,2
9124,0
9125,13
9126,7
9127,9
9128,6
9129,14
9130,14
9131,13
9132,12
9133,4
9134,11
9135,15
9136,13
9137,10
9138,2
9139,12
9140,6
9141,5
9142,13
9143,15
9144,1
9145,15
9146,0
9147,8
9148,17
9149,9
9150,6
9151,0
9152,15
9153,3
9154,11
9155,0
9156,0
9157,16
9158,12
9159,1
9160,4
9161,11
9162,8
9163,18
9164,19
9165,13
9166,16
9167,16
9168,11
9169,6
9170,6
9171,12
9172,12
9173,3
9174,11
9175,16
9176,10
9177,11
9178,18
9179,5
9180,8
9181,16
9182,6
9183,19
9184,0
9185,19
9186,3
9187,8
9188,4
9189,13
9190,13
9191,12
9192,10
9193,9
9194,7
9195,8
9196,12
9197,4
9198,7
9199,6
9200,11
9201,8
9202,12
9203,5
9204,0
9205,12
9206,19
9207,18
9208,7
9209,2
9210,16
9211,10
9212,14
9213,8
9214,10
9215,0
9216,18
9217,19
9218,14
9219,5
9220,0
9221,6
9222,15
9223,3
9224,16
9225,13
9226,7
9227,15
9228,2
9229,4
9230,3
9231,1
9232,11
9233,19
9234,9
9235,18
9236,11
9237,10
9238,0
9239,13
9240,11
9241,19
9242,3
9243,18
9244,18
9245,3
9246,1
9247,4
9248,4
9249,6
9250,4
9251,12
9252,16
9253,8
9254,5
9255,1
9256,4
9257,6
9258,1
9259,12
9260,5
9261,11
9262,0
9263,7
9264,2
9265,1
9266,13
9267,13
9268,18
9269,8
9270,4
9271,5
9272,10
9273,0
9274,7
9275,8
9276,8
9277,4
9278,12
9279,14
9280,8
9281,17
9282,0
9283,5
9284,7
9285,13
9286,2
9287,0
9288,8
9289,8
9290,13
9291,18
9292,17
9293,17
9294,10
9295,9
9296,12
9297,14
9298,8
9299,18
9300,10
9301,15
9302,4
9303,19
9304,4
9305,18
9306,15
9307,14
9308,13
9309,13
9310,18
9311,6
9312,2
9313,11
9314,10
9315,6
9316,10
9317,19
9318,8
9319,1
9320,19
9321,8
9322,15
9323,17
9324,14
9325,12
9326,9
9327,19
9328,19
9329,5
9330,17
9331,5
9332,12
9333,0
9334,16
9335,9
9336,16
9337,10
9338,12
9339,13
9340,14
9341,16
9342,13
9343,11
9344,18
9345,15
9346,0
9347,18
9348,0
9349,9
9350,3
9351,8
9352,14
9353,11
9354,8
9355,9
9356,5
9357,1
9358,15
9359,9
9360,7
9361,13
9362,16
9363,9
9364,7
9365,7
9366,7
9367,17
9368,8
9369,5
9370,7
9371,10
9372,4
9373,16
9374,13
9375,6
9376,13
9377,2
9378,16
9379,12
9380,0
9381,18
9382,1
9383,19
9384,11
9385,4
9386,12
9387,3
9388,9
9389,2
9390,11
9391,15
9392,0
9393,2
9394,2
9395,2
9396,3
9397,18
9398,14
9399,10
9400,13
9401,7
9402,18
9403,3
9404,14
9405,19
9406,17
9407,5
9408,16
9409,3
9410,15
9411,14
9412,17
9413,13
9414,13
9415,9
9416,4
9417,13
9418,9
9419,8
9420,19
9421,19
9422,14
9423,9
9424,7
9425,2
9426,4
9427,13
9428,8
9429,12
9430,6
9431,0
9432,6
9433,4
9434,7
9435,4
9436,5
9437,1
9438,11
9439,11
9440,5
9441,10
9442,4
9443,3
9444,2
9445,19
9446,6
9447,10
9448,6
9449,15
9450,15
9451,6
9452,7
9453,8
9454,12
9455,16
9456,9
9457,15
9458,16
9459,15
9460,8
9461,14
9462,14
9463,14
9464,8
9465,1
9466,3
9467,4
9468,13
9469,9
9470,12
9471,4
9472,1
9473,13
9474,7
9475,18
9476,11
9477,11
9478,8
9479,17
9480,3
9481,4
9482,6
9483,3
9484,6
9485,4
9486,10
9487,13
9488,11
9489,2
9490,4
9491,13
9492,4
9493,11
9494,0
9495,2
9496,1
9497,14
9498,0
9499,12
9500,18
9501,9
9502,16
9503,16
9504,2
9505,10
9506,2
9507,13
9508,0
9509,18
9510,9
9511,8
9512,13
9513,18
9514,8
9515,19
9516,13
9517,9
9518,14
9519,1
9520,16
9521,12
9522,13
9523,11
9524,12
9525,18
9526,19
9527,7
9528,4
9529,10
9530,7
9531,12
9532,13
9533,9
9534,13
9535,7
9536,15
9537,8
9538,8
9539,16
9540,10
9541,1
9542,15
9543,16
9544,7
9545,7
9546,7
9547,4
9548,18
9549,14
9550,18
9551,13
9552,12
9553,2
9554,19
9555,14
9556,17
9557,17
9558,6
9559,3
9560,3
9561,9
9562,15
9563,17
9564,5
9565,15
9566,7
9567,15
9568,12
9569,4
9570,16
9571,3
9572,18
9573,1
9574,11
9575,10
9576,2
9577,15
9578,17
9579,0
9580,12
9581,14
9582,15
9583,8
9584,11
9585,7
9586,7
9587,9
9588,12
9589,2
9590,6
9591,2
9592,13
9593,7
9594,2
9595,13
9596,16
9597,10
9598,0
9599,2
9600,13
9601,19
9602,19
9603,16
9604,12
9605,15
9606,16
9607,1
9608,12
9609,2
9610,19
9611,19
9612,5
9613,7
9614,9
9615,13
9616,14
9617,19
9618,11
9619,4
9620,9
9621,4
9622,13
9623,3
9624,4
9625,3
9626,18
9627,14
9628,15
9629,3
9630,11
9631,16
9632,15
9633,17
9634,17
9635,19
9636,10
9637,16
9638,13
9639,5
9640,3
9641,15
9642,10
9643,10
9644,0
9645,6
9646,8
9647,5
9648,3
9649,18
9650,18
9651,8
9652,8
9653,14
9654,1
9655,12
9656,1
9657,6
9658,4
9659,8
9660,18
9661,15
9662,4
9663,8
9664,17
9665,7
9666,18
9667,8
9668,10
9669,17
9670,7
9671,12
9672,10
9673,0
9674,15
9675,11
9676,6
9677,12
9678,15
9679,12
9680,5
9681,9
9682,0
9683,18
9684,14
9685,5
9686,7
9687,15
9688,14
9689,16
9690,9
9691,15
9692,11
9693,11
9694,1
9695,11
9696,8
9697,12
9698,12
9699,2
9700,19
9701,13
9702,10
9703,19
9704,6
9705,1
9706,10
9707,8
9708,13
9709,0
9710,10
9711,16
9712,14
9713,14
9714,1
9715,12
9716,12
9717,1
9718,8
9719,9
9720,18
9721,12
9722,1
9723,12
9724,3
9725,10
9726,16
9727,19
9728,18
9729,4
9730,16
9731,14
9732,6
9733,18
9734,16
9735,3
9736,15
9737,14
9738,18
9739,19
9740,4
9741,17
9742,7
9743,19
9744,17
9745,19
9746,4
9747,13
9748,3
9749,15
9750,8
9751,6
9752,4
9753,10
9754,17
9755,18
9756,17
9757,2
9758,10
9759,19
9760,18
9761,8
9762,15
9763,17
9764,9
9765,0
9766,16
9767,14
9768,5
9769,15
9770,8
9771,9
9772,7
9773,7
9774,6
9775,9
9776,19
9777,10
9778,2
9779,14
9780,12
9781,8
9782,1
9783,1
9784,3
9785,1
9786,0
9787,15
9788,11
9789,19
9790,16
9791,6
9792,19
9793,5
9794,11
9795,14
9796,6
9797,6
9798,3
9799,9
9800,18
9801,9
9802,0
9803,14
9804,12
9805,10
9806,5
9807,2
9808,9
9809,9
9810,4
9811,12
9812,14
9813,7
9814,4
9815,12
9816,9
9817,13
9818,11
9819,12
9820,7
9821,19
9822,10
9823,10
9824,14
9825,9
9826,0
9827,4
9828,13
9829,1
9830,12
9831,9
9832,5
9833,3
9834,7
9835,18
9836,0
9837,16
9838,3
9839,12
9840,13
9841,11
9842,0
9843,13
9844,16
9845,19
9846,19
9847,3
9848,10
9849,17
9850,13
9851,10
9852,15
9853,17
9854,11
9855,3
9856,14
9857,5
9858,8
9859,10
9860,15
9861,18
9862,10
9863,4
9864,2
9865,15
9866,10
9867,12
9868,4
9869,15
9870,17
9871,14
9872,1
9873,10
9874,2
9875,7
9876,14
9877,8
9878,0
9879,9
9880,0
9881,15
9882,5
9883,11
9884,7
9885,18
9886,15
9887,17
9888,15
9889,17
9890,19
9891,3
9892,7
9893,4
9894,10
9895,19
9896,2
9897,0
9898,7
9899,19
9900,7
9901,10
9902,10
9903,13
9904,14
9905,5
9906,18
9907,19
9908,4
9909,12
9910,15
9911,4
9912,12
9913,18
9914,16
9915,5
9916,15
9917,18
9918,9
9919,2
9920,0
9921,18
9922,5
9923,5
9924,11
9925,15
9926,5
9927,4
9928,14
9929,16
9930,3
9931,13
9932,4
9933,19
9934,12
9935,5
9936,11
9937,5
9938,6
9939,1
9940,0
9941,16
9942,5
9943,0
9944,16
9945,16
9946,7
9947,11
9948,8
9949,8
9950,9
9951,14
9952,17
9953,11
9954,6
9955,4
9956,1
9957,3
9958,8
9959,16
9960,17
9961,16
9962,5
9963,0
9964,8
9965,17
9966,18
9967,15
9968,8
9969,4
9970,10
9971,16
9972,1
9973,19
9974,10
9975,5
9976,16
9977,17
9978,4
9979,5
9980,2
9981,18
9982,0
9983,14
9984,6
9985,18
9986,4
9987,16
9988,5
9989,19
9990,14
9991,17
9992,4
9993,16
9994,18
9995,8
9996,4
9997,0
9998,2
9999,8
